"INDICATOR","HFA_52"

"HFA_52","Life expectancy at age 45 (years), by sex"

"UNIT_TYPE","Unit"
"YEARS","years"

"EXTERNID","ID in the originating data source"

"DATA_SOURCE","Data source"
"HFA","European Health for All database"

"DATA_TYPE_REPRESENTATION","Data type representation"
"COUNT","Count"

"DATA_SET","Data set"
"HFA","European Health for All database (WHO)"

"DATA_MASK","Mask for controlling the output format of values"

"SEX","Sex"
"FEMALE","Female"
"MALE","Male"
"ALL","All"

"COUNTRY","COUNTRY_GRP","SEX","YEAR","VALUE"
"ALB","","ALL","1987","32.38"
"ALB","","ALL","1988","32.41"
"ALB","","ALL","1989","32.17"
"ALB","","ALL","1990","32.54"
"ALB","","ALL","1992","33.67"
"ALB","","ALL","1993","34.33"
"ALB","","ALL","1994","35.32"
"ALB","","ALL","1995","34.43"
"ALB","","ALL","1996","33.8"
"ALB","","ALL","1997","34.7"
"ALB","","ALL","1998","33.97"
"ALB","","ALL","1999","34.53"
"ALB","","ALL","2000","33.19"
"ALB","","ALL","2001","35.28"
"ALB","","ALL","2002","34.39"
"ALB","","ALL","2003","33.54"
"ALB","","ALL","2004","33.9"
"ALB","","ALL","2005","34.48"
"ALB","","ALL","2006","35.07"
"ALB","","ALL","2007","36.8"
"ALB","","ALL","2008","35.97"
"ALB","","ALL","2009","36.56"
"ARM","","ALL","1981","33.42"
"ARM","","ALL","1982","32.99"
"ARM","","ALL","1985","32.26"
"ARM","","ALL","1986","32.41"
"ARM","","ALL","1987","32.21"
"ARM","","ALL","1988","29.13"
"ARM","","ALL","1989","31.31"
"ARM","","ALL","1990","30.99"
"ARM","","ALL","1991","31.15"
"ARM","","ALL","1992","30.62"
"ARM","","ALL","1993","30.14"
"ARM","","ALL","1994","31.59"
"ARM","","ALL","1995","31.23"
"ARM","","ALL","1996","31.38"
"ARM","","ALL","1997","32.16"
"ARM","","ALL","1998","32.84"
"ARM","","ALL","1999","32.55"
"ARM","","ALL","2000","33.59"
"ARM","","ALL","2001","33.65"
"ARM","","ALL","2002","30.5"
"ARM","","ALL","2003","30.47"
"ARM","","ALL","2008","31.06"
"ARM","","ALL","2009","31.25"
"ARM","","ALL","2012","32.06"
"ARM","","ALL","2013","32.31"
"ARM","","ALL","2014","32.34"
"ARM","","ALL","2015","32.38"
"ARM","","ALL","2017","32.98"
"ARM","","ALL","2018","33.6"
"ARM","","ALL","2019","33.48"
"AUT","","ALL","1969","29.42"
"AUT","","ALL","1970","29.54"
"AUT","","ALL","1971","29.87"
"AUT","","ALL","1972","30.11"
"AUT","","ALL","1973","30.49"
"AUT","","ALL","1974","30.44"
"AUT","","ALL","1975","30.38"
"AUT","","ALL","1976","30.52"
"AUT","","ALL","1977","30.81"
"AUT","","ALL","1978","30.74"
"AUT","","ALL","1979","31.03"
"AUT","","ALL","1980","31.13"
"AUT","","ALL","1981","31.25"
"AUT","","ALL","1982","31.48"
"AUT","","ALL","1983","31.35"
"AUT","","ALL","1984","31.9"
"AUT","","ALL","1985","32"
"AUT","","ALL","1986","32.36"
"AUT","","ALL","1987","32.69"
"AUT","","ALL","1988","32.99"
"AUT","","ALL","1989","33.08"
"AUT","","ALL","1990","33.28"
"AUT","","ALL","1991","33.34"
"AUT","","ALL","1992","33.43"
"AUT","","ALL","1993","33.61"
"AUT","","ALL","1994","33.98"
"AUT","","ALL","1995","34.07"
"AUT","","ALL","1996","34.19"
"AUT","","ALL","1997","34.46"
"AUT","","ALL","1998","34.73"
"AUT","","ALL","1999","34.93"
"AUT","","ALL","2000","35.29"
"AUT","","ALL","2001","35.69"
"AUT","","ALL","2002","35.65"
"AUT","","ALL","2003","35.55"
"AUT","","ALL","2004","36.04"
"AUT","","ALL","2005","36.23"
"AUT","","ALL","2006","36.66"
"AUT","","ALL","2007","36.88"
"AUT","","ALL","2008","37.09"
"AUT","","ALL","2009","36.99"
"AUT","","ALL","2010","37.29"
"AUT","","ALL","2011","37.6"
"AUT","","ALL","2012","37.44"
"AUT","","ALL","2013","37.59"
"AUT","","ALL","2014","37.99"
"AUT","","ALL","2015","37.63"
"AUT","","ALL","2016","38.08"
"AUT","","ALL","2017","37.98"
"AUT","","ALL","2018","38.03"
"AUT","","ALL","2019","38.32"
"AUT","","ALL","2020","37.62"
"AUT","","ALL","2021","37.55"
"AZE","","ALL","1981","31.17"
"AZE","","ALL","1982","31.13"
"AZE","","ALL","1985","30.75"
"AZE","","ALL","1986","31.1"
"AZE","","ALL","1987","30.99"
"AZE","","ALL","1988","30.71"
"AZE","","ALL","1989","31.44"
"AZE","","ALL","1990","31.71"
"AZE","","ALL","1991","31.49"
"AZE","","ALL","1992","30.6"
"AZE","","ALL","1993","30.14"
"AZE","","ALL","1994","30.13"
"AZE","","ALL","1995","30.12"
"AZE","","ALL","1996","30.56"
"AZE","","ALL","1997","30.97"
"AZE","","ALL","1998","31.13"
"AZE","","ALL","1999","30.96"
"AZE","","ALL","2000","30.45"
"AZE","","ALL","2001","31.11"
"AZE","","ALL","2002","30.98"
"AZE","","ALL","2003","30.57"
"AZE","","ALL","2004","30.75"
"AZE","","ALL","2007","31.57"
"BEL","","ALL","1968","29.4"
"BEL","","ALL","1969","29.48"
"BEL","","ALL","1970","29.76"
"BEL","","ALL","1971","29.81"
"BEL","","ALL","1972","30.03"
"BEL","","ALL","1973","30.1"
"BEL","","ALL","1974","30.37"
"BEL","","ALL","1975","30.26"
"BEL","","ALL","1976","30.4"
"BEL","","ALL","1977","30.94"
"BEL","","ALL","1978","30.83"
"BEL","","ALL","1979","31.29"
"BEL","","ALL","1980","31.22"
"BEL","","ALL","1981","31.49"
"BEL","","ALL","1982","31.69"
"BEL","","ALL","1983","31.65"
"BEL","","ALL","1984","32.03"
"BEL","","ALL","1985","32.24"
"BEL","","ALL","1986","32.46"
"BEL","","ALL","1987","33.03"
"BEL","","ALL","1988","33.24"
"BEL","","ALL","1989","33.21"
"BEL","","ALL","1990","33.67"
"BEL","","ALL","1991","33.81"
"BEL","","ALL","1992","33.91"
"BEL","","ALL","1993","33.84"
"BEL","","ALL","1994","34.22"
"BEL","","ALL","1995","34.25"
"BEL","","ALL","1996","34.48"
"BEL","","ALL","1997","34.58"
"BEL","","ALL","1998","34.66"
"BEL","","ALL","1999","34.8"
"BEL","","ALL","2000","34.97"
"BEL","","ALL","2001","35.28"
"BEL","","ALL","2002","35.16"
"BEL","","ALL","2003","35.19"
"BEL","","ALL","2004","35.77"
"BEL","","ALL","2005","35.82"
"BEL","","ALL","2006","36.4"
"BEL","","ALL","2007","36.54"
"BEL","","ALL","2008","36.54"
"BEL","","ALL","2009","36.79"
"BEL","","ALL","2010","36.8"
"BEL","","ALL","2011","37.12"
"BEL","","ALL","2012","36.93"
"BEL","","ALL","2013","37.16"
"BEL","","ALL","2014","37.85"
"BEL","","ALL","2015","37.48"
"BEL","","ALL","2016","37.93"
"BEL","","ALL","2017","38.01"
"BEL","","ALL","2018","38.08"
"BGR","","ALL","1968","30.92"
"BGR","","ALL","1969","30.03"
"BGR","","ALL","1970","30.61"
"BGR","","ALL","1971","30.04"
"BGR","","ALL","1972","30.04"
"BGR","","ALL","1973","30.52"
"BGR","","ALL","1974","30.23"
"BGR","","ALL","1975","29.99"
"BGR","","ALL","1976","30.3"
"BGR","","ALL","1977","29.8"
"BGR","","ALL","1978","30.05"
"BGR","","ALL","1979","29.94"
"BGR","","ALL","1980","29.84"
"BGR","","ALL","1981","30.26"
"BGR","","ALL","1982","29.89"
"BGR","","ALL","1983","29.82"
"BGR","","ALL","1984","29.9"
"BGR","","ALL","1985","29.7"
"BGR","","ALL","1986","29.91"
"BGR","","ALL","1987","29.75"
"BGR","","ALL","1988","29.73"
"BGR","","ALL","1989","29.84"
"BGR","","ALL","1990","29.94"
"BGR","","ALL","1991","29.96"
"BGR","","ALL","1992","29.86"
"BGR","","ALL","1993","29.77"
"BGR","","ALL","1994","29.59"
"BGR","","ALL","1995","29.52"
"BGR","","ALL","1996","29.45"
"BGR","","ALL","1997","29.05"
"BGR","","ALL","1998","29.26"
"BGR","","ALL","1999","29.91"
"BGR","","ALL","2000","29.77"
"BGR","","ALL","2001","30.06"
"BGR","","ALL","2002","30.14"
"BGR","","ALL","2003","30.23"
"BGR","","ALL","2004","30.46"
"BGR","","ALL","2005","30.28"
"BGR","","ALL","2006","30.43"
"BGR","","ALL","2007","30.62"
"BGR","","ALL","2008","30.98"
"BGR","","ALL","2009","31.25"
"BGR","","ALL","2010","31.29"
"BGR","","ALL","2011","31.57"
"BGR","","ALL","2012","31.67"
"BGR","","ALL","2013","32.17"
"BGR","","ALL","2014","31.8"
"BGR","","ALL","2015","31.82"
"BGR","","ALL","2016","32.01"
"BGR","","ALL","2017","31.92"
"BGR","","ALL","2018","32.07"
"BGR","","ALL","2019","32.22"
"BGR","","ALL","2020","30.59"
"BIH","","ALL","1985","30.11"
"BIH","","ALL","1986","30.32"
"BIH","","ALL","1987","30.31"
"BIH","","ALL","1988","30.35"
"BIH","","ALL","1989","30.2"
"BIH","","ALL","1990","30.84"
"BIH","","ALL","1991","30.59"
"BIH","","ALL","2011","33.14"
"BIH","","ALL","2014","33.98"
"BIH","","ALL","2016","32.8"
"BLR","","ALL","1981","31.1"
"BLR","","ALL","1982","31.08"
"BLR","","ALL","1985","30.15"
"BLR","","ALL","1986","31.1"
"BLR","","ALL","1987","30.89"
"BLR","","ALL","1988","30.8"
"BLR","","ALL","1989","30.77"
"BLR","","ALL","1990","30.16"
"BLR","","ALL","1991","29.76"
"BLR","","ALL","1992","29.64"
"BLR","","ALL","1993","28.5"
"BLR","","ALL","1994","28.47"
"BLR","","ALL","1995","28.09"
"BLR","","ALL","1996","27.93"
"BLR","","ALL","1997","27.95"
"BLR","","ALL","1998","27.9"
"BLR","","ALL","1999","27.6"
"BLR","","ALL","2000","28.2"
"BLR","","ALL","2001","27.72"
"BLR","","ALL","2002","27.23"
"BLR","","ALL","2003","27.56"
"BLR","","ALL","2004","27.89"
"BLR","","ALL","2005","27.82"
"BLR","","ALL","2007","28.91"
"BLR","","ALL","2008","28.96"
"BLR","","ALL","2009","29.04"
"BLR","","ALL","2010","28.98"
"BLR","","ALL","2011","29.22"
"BLR","","ALL","2013","30.64"
"BLR","","ALL","2014","31.08"
"BLR","","ALL","2018","31.68"
"","CARINFONET","ALL","1981","30.61"
"","CARINFONET","ALL","1982","30.6"
"","CARINFONET","ALL","1985","30.23"
"","CARINFONET","ALL","1986","30.81"
"","CARINFONET","ALL","1987","30.61"
"","CARINFONET","ALL","1988","30.27"
"","CARINFONET","ALL","1989","30.31"
"","CARINFONET","ALL","1990","30.36"
"","CARINFONET","ALL","1991","29.96"
"","CARINFONET","ALL","1992","29.76"
"","CARINFONET","ALL","1993","28.43"
"","CARINFONET","ALL","1994","27.88"
"","CARINFONET","ALL","1995","27.86"
"","CARINFONET","ALL","1996","27.72"
"","CARINFONET","ALL","1997","28.34"
"","CARINFONET","ALL","1998","28.3"
"","CARINFONET","ALL","1999","28.91"
"","CARINFONET","ALL","2000","28.61"
"","CARINFONET","ALL","2001","28.9"
"","CARINFONET","ALL","2002","28.58"
"","CARINFONET","ALL","2003","28.56"
"","CARINFONET","ALL","2004","29.12"
"","CARINFONET","ALL","2005","28.77"
"","CARINFONET","ALL","2006","29.11"
"","CARINFONET","ALL","2007","29.44"
"","CARINFONET","ALL","2008","29.9"
"","CARINFONET","ALL","2009","30.46"
"","CARINFONET","ALL","2010","30.33"
"","CARINFONET","ALL","2011","30.33"
"","CARINFONET","ALL","2012","30.51"
"","CARINFONET","ALL","2013","30.92"
"","CARINFONET","ALL","2014","31.01"
"","CARINFONET","ALL","2015","31.29"
"","CARINFONET","ALL","2016","31.46"
"CHE","","ALL","1969","31.11"
"CHE","","ALL","1970","31.48"
"CHE","","ALL","1971","31.58"
"CHE","","ALL","1972","32.01"
"CHE","","ALL","1973","32.11"
"CHE","","ALL","1974","32.47"
"CHE","","ALL","1975","32.72"
"CHE","","ALL","1976","32.71"
"CHE","","ALL","1977","33.2"
"CHE","","ALL","1978","33.07"
"CHE","","ALL","1979","33.35"
"CHE","","ALL","1980","33.34"
"CHE","","ALL","1981","33.46"
"CHE","","ALL","1982","33.79"
"CHE","","ALL","1983","33.78"
"CHE","","ALL","1984","34.32"
"CHE","","ALL","1985","34.39"
"CHE","","ALL","1986","34.59"
"CHE","","ALL","1987","34.91"
"CHE","","ALL","1988","34.98"
"CHE","","ALL","1989","35.22"
"CHE","","ALL","1990","34.97"
"CHE","","ALL","1991","35.34"
"CHE","","ALL","1992","35.57"
"CHE","","ALL","1993","35.73"
"CHE","","ALL","1994","36.03"
"CHE","","ALL","1995","35.94"
"CHE","","ALL","1996","36.26"
"CHE","","ALL","1997","36.3"
"CHE","","ALL","1998","36.51"
"CHE","","ALL","1999","36.69"
"CHE","","ALL","2000","36.82"
"CHE","","ALL","2001","37.19"
"CHE","","ALL","2002","37.44"
"CHE","","ALL","2003","37.31"
"CHE","","ALL","2004","37.93"
"CHE","","ALL","2005","38.01"
"CHE","","ALL","2006","38.38"
"CHE","","ALL","2007","38.49"
"CHE","","ALL","2008","38.73"
"CHE","","ALL","2009","38.78"
"CHE","","ALL","2010","38.98"
"CHE","","ALL","2011","39.17"
"CHE","","ALL","2012","39.07"
"CHE","","ALL","2013","39.19"
"CHE","","ALL","2015","39.28"
"CHE","","ALL","2016","39.91"
"CHE","","ALL","2017","39.85"
"CHE","","ALL","2018","40.05"
"CHE","","ALL","2019","40.19"
"","CIS","ALL","1981","29.49"
"","CIS","ALL","1982","29.64"
"","CIS","ALL","1985","29.18"
"","CIS","ALL","1986","30.09"
"","CIS","ALL","1987","29.94"
"","CIS","ALL","1988","29.79"
"","CIS","ALL","1989","29.88"
"","CIS","ALL","1990","29.6"
"","CIS","ALL","1991","29.38"
"","CIS","ALL","1992","28.91"
"","CIS","ALL","1993","27.45"
"","CIS","ALL","1994","26.73"
"","CIS","ALL","1995","26.95"
"","CIS","ALL","1996","27.39"
"","CIS","ALL","1997","27.9"
"","CIS","ALL","1998","28.19"
"","CIS","ALL","1999","27.81"
"","CIS","ALL","2000","27.49"
"","CIS","ALL","2001","27.5"
"","CIS","ALL","2002","27.13"
"","CIS","ALL","2003","27.01"
"","CIS","ALL","2004","27.38"
"","CIS","ALL","2005","27.3"
"","CIS","ALL","2006","28"
"","CIS","ALL","2007","28.47"
"","CIS","ALL","2008","28.69"
"","CIS","ALL","2009","29.24"
"","CIS","ALL","2010","29.38"
"","CIS","ALL","2011","29.94"
"","CIS","ALL","2012","30.24"
"","CIS","ALL","2013","30.59"
"","CIS","ALL","2014","30.7"
"","CIS","ALL","2015","30.94"
"CYP","","ALL","1999","35.26"
"CYP","","ALL","2000","34.85"
"CYP","","ALL","2001","36.14"
"CYP","","ALL","2002","35.8"
"CYP","","ALL","2003","36.14"
"CYP","","ALL","2004","36.4"
"CYP","","ALL","2005","36.34"
"CYP","","ALL","2006","37.02"
"CYP","","ALL","2007","37.05"
"CYP","","ALL","2008","37.61"
"CYP","","ALL","2009","37.98"
"CYP","","ALL","2010","38.51"
"CYP","","ALL","2011","37.99"
"CYP","","ALL","2012","37.95"
"CYP","","ALL","2013","38.59"
"CYP","","ALL","2014","38.39"
"CYP","","ALL","2015","37.84"
"CYP","","ALL","2016","38.7"
"CYP","","ALL","2017","38.08"
"CYP","","ALL","2018","38.8"
"CYP","","ALL","2019","38.4"
"CYP","","ALL","2020","38.28"
"CZE","","ALL","1986","28.9"
"CZE","","ALL","1987","29.25"
"CZE","","ALL","1988","29.37"
"CZE","","ALL","1989","29.3"
"CZE","","ALL","1990","29.18"
"CZE","","ALL","1991","29.69"
"CZE","","ALL","1992","30.05"
"CZE","","ALL","1993","30.37"
"CZE","","ALL","1994","30.57"
"CZE","","ALL","1995","30.66"
"CZE","","ALL","1996","31.12"
"CZE","","ALL","1997","31.27"
"CZE","","ALL","1998","31.68"
"CZE","","ALL","1999","31.81"
"CZE","","ALL","2000","32.04"
"CZE","","ALL","2001","32.27"
"CZE","","ALL","2002","32.29"
"CZE","","ALL","2003","32.13"
"CZE","","ALL","2004","32.62"
"CZE","","ALL","2005","32.79"
"CZE","","ALL","2006","33.35"
"CZE","","ALL","2007","33.64"
"CZE","","ALL","2008","33.9"
"CZE","","ALL","2009","33.95"
"CZE","","ALL","2010","34.21"
"CZE","","ALL","2011","34.46"
"CZE","","ALL","2012","34.59"
"CZE","","ALL","2013","34.72"
"CZE","","ALL","2014","35.28"
"CZE","","ALL","2015","35.03"
"CZE","","ALL","2016","35.52"
"CZE","","ALL","2017","35.42"
"CZE","","ALL","2018","35.5"
"CZE","","ALL","2019","35.74"
"CZE","","ALL","2020","34.58"
"CZE","","ALL","2021","33.58"
"DEU","","ALL","1990","32.83"
"DEU","","ALL","1991","33.03"
"DEU","","ALL","1992","33.4"
"DEU","","ALL","1993","33.38"
"DEU","","ALL","1994","33.67"
"DEU","","ALL","1995","33.86"
"DEU","","ALL","1996","34.03"
"DEU","","ALL","1997","34.4"
"DEU","","ALL","1998","34.61"
"DEU","","ALL","1999","34.85"
"DEU","","ALL","2000","35.12"
"DEU","","ALL","2001","35.4"
"DEU","","ALL","2002","35.34"
"DEU","","ALL","2003","35.28"
"DEU","","ALL","2004","35.84"
"DEU","","ALL","2005","35.96"
"DEU","","ALL","2006","36.35"
"DEU","","ALL","2007","36.55"
"DEU","","ALL","2008","36.58"
"DEU","","ALL","2009","36.7"
"DEU","","ALL","2010","36.9"
"DEU","","ALL","2011","37.21"
"DEU","","ALL","2012","37.25"
"DEU","","ALL","2013","36.89"
"DEU","","ALL","2014","37.41"
"DEU","","ALL","2015","37.04"
"DEU","","ALL","2016","37.36"
"DEU","","ALL","2017","37.33"
"DEU","","ALL","2018","37.22"
"DEU","","ALL","2019","37.58"
"DEU","","ALL","2020","37.35"
"DNK","","ALL","1969","31.42"
"DNK","","ALL","1970","31.54"
"DNK","","ALL","1971","31.56"
"DNK","","ALL","1972","31.39"
"DNK","","ALL","1973","31.65"
"DNK","","ALL","1974","31.64"
"DNK","","ALL","1975","31.92"
"DNK","","ALL","1976","31.52"
"DNK","","ALL","1977","32.39"
"DNK","","ALL","1978","32.11"
"DNK","","ALL","1979","31.96"
"DNK","","ALL","1980","31.8"
"DNK","","ALL","1981","31.88"
"DNK","","ALL","1982","32.21"
"DNK","","ALL","1983","32.02"
"DNK","","ALL","1984","32.18"
"DNK","","ALL","1985","32.07"
"DNK","","ALL","1986","32.24"
"DNK","","ALL","1987","32.36"
"DNK","","ALL","1988","32.4"
"DNK","","ALL","1989","32.44"
"DNK","","ALL","1990","32.3"
"DNK","","ALL","1991","32.66"
"DNK","","ALL","1992","32.59"
"DNK","","ALL","1993","32.37"
"DNK","","ALL","1994","32.61"
"DNK","","ALL","1995","32.47"
"DNK","","ALL","1996","32.84"
"DNK","","ALL","1997","33.14"
"DNK","","ALL","1998","33.48"
"DNK","","ALL","1999","33.36"
"DNK","","ALL","2000","33.89"
"DNK","","ALL","2001","33.93"
"DNK","","ALL","2002","33.93"
"DNK","","ALL","2003","34.13"
"DNK","","ALL","2004","34.56"
"DNK","","ALL","2005","34.87"
"DNK","","ALL","2006","34.89"
"DNK","","ALL","2007","35.03"
"DNK","","ALL","2008","35.4"
"DNK","","ALL","2009","35.49"
"DNK","","ALL","2010","35.71"
"DNK","","ALL","2011","36.27"
"DNK","","ALL","2012","36.48"
"DNK","","ALL","2013","36.65"
"DNK","","ALL","2014","37.12"
"DNK","","ALL","2015","37.07"
"DNK","","ALL","2016","37.24"
"DNK","","ALL","2017","37.43"
"DNK","","ALL","2018","37.29"
"DNK","","ALL","2019","37.72"
"DNK","","ALL","2020","37.88"
"ESP","","ALL","1968","31.27"
"ESP","","ALL","1969","30.8"
"ESP","","ALL","1970","31.65"
"ESP","","ALL","1971","30.99"
"ESP","","ALL","1972","31.93"
"ESP","","ALL","1973","31.44"
"ESP","","ALL","1974","31.6"
"ESP","","ALL","1975","31.66"
"ESP","","ALL","1976","31.98"
"ESP","","ALL","1977","32.35"
"ESP","","ALL","1978","32.49"
"ESP","","ALL","1979","32.86"
"ESP","","ALL","1980","33.39"
"ESP","","ALL","1981","33.47"
"ESP","","ALL","1982","33.93"
"ESP","","ALL","1983","33.72"
"ESP","","ALL","1984","34.06"
"ESP","","ALL","1985","33.87"
"ESP","","ALL","1986","34.19"
"ESP","","ALL","1987","34.53"
"ESP","","ALL","1988","34.49"
"ESP","","ALL","1989","34.6"
"ESP","","ALL","1990","34.6"
"ESP","","ALL","1991","34.69"
"ESP","","ALL","1992","35.17"
"ESP","","ALL","1993","35.23"
"ESP","","ALL","1994","35.49"
"ESP","","ALL","1995","35.5"
"ESP","","ALL","1996","35.59"
"ESP","","ALL","1997","35.8"
"ESP","","ALL","1998","35.71"
"ESP","","ALL","1999","35.7"
"ESP","","ALL","2000","36.38"
"ESP","","ALL","2001","36.58"
"ESP","","ALL","2002","36.64"
"ESP","","ALL","2003","36.51"
"ESP","","ALL","2004","37.1"
"ESP","","ALL","2005","37"
"ESP","","ALL","2006","37.69"
"ESP","","ALL","2007","37.63"
"ESP","","ALL","2008","37.88"
"ESP","","ALL","2009","38.17"
"ESP","","ALL","2010","38.5"
"ESP","","ALL","2011","38.61"
"ESP","","ALL","2012","38.66"
"ESP","","ALL","2013","39.22"
"ESP","","ALL","2014","39.35"
"ESP","","ALL","2015","38.93"
"ESP","","ALL","2016","39.46"
"ESP","","ALL","2017","39.36"
"ESP","","ALL","2018","39.48"
"ESP","","ALL","2019","39.91"
"ESP","","ALL","2020","38.39"
"ESP","","ALL","2021","39.4"
"EST","","ALL","1981","29.18"
"EST","","ALL","1982","29.5"
"EST","","ALL","1985","28.94"
"EST","","ALL","1986","29.8"
"EST","","ALL","1987","29.83"
"EST","","ALL","1988","29.79"
"EST","","ALL","1989","29.89"
"EST","","ALL","1990","29.29"
"EST","","ALL","1991","29.2"
"EST","","ALL","1992","29.04"
"EST","","ALL","1993","28.13"
"EST","","ALL","1994","27.5"
"EST","","ALL","1995","28.15"
"EST","","ALL","1996","29.04"
"EST","","ALL","1997","29.46"
"EST","","ALL","1998","28.89"
"EST","","ALL","1999","29.67"
"EST","","ALL","2000","29.99"
"EST","","ALL","2001","29.84"
"EST","","ALL","2002","30.17"
"EST","","ALL","2003","30.4"
"EST","","ALL","2004","30.71"
"EST","","ALL","2005","31.12"
"EST","","ALL","2006","31.2"
"EST","","ALL","2007","31.39"
"EST","","ALL","2008","32.16"
"EST","","ALL","2009","32.84"
"EST","","ALL","2010","33.4"
"EST","","ALL","2011","34.05"
"EST","","ALL","2012","34.2"
"EST","","ALL","2013","34.49"
"EST","","ALL","2014","34.59"
"EST","","ALL","2015","35.02"
"EST","","ALL","2016","35.13"
"","EU_AFTER_MAY2004","ALL","1981","29.78"
"","EU_AFTER_MAY2004","ALL","1982","29.81"
"","EU_AFTER_MAY2004","ALL","1983","29.58"
"","EU_AFTER_MAY2004","ALL","1984","29.5"
"","EU_AFTER_MAY2004","ALL","1985","29.3"
"","EU_AFTER_MAY2004","ALL","1986","29.51"
"","EU_AFTER_MAY2004","ALL","1987","29.55"
"","EU_AFTER_MAY2004","ALL","1988","29.72"
"","EU_AFTER_MAY2004","ALL","1989","29.7"
"","EU_AFTER_MAY2004","ALL","1990","29.64"
"","EU_AFTER_MAY2004","ALL","1991","29.54"
"","EU_AFTER_MAY2004","ALL","1992","29.63"
"","EU_AFTER_MAY2004","ALL","1993","29.62"
"","EU_AFTER_MAY2004","ALL","1994","29.71"
"","EU_AFTER_MAY2004","ALL","1995","29.8"
"","EU_AFTER_MAY2004","ALL","1996","29.88"
"","EU_AFTER_MAY2004","ALL","1997","30.06"
"","EU_AFTER_MAY2004","ALL","1998","30.28"
"","EU_AFTER_MAY2004","ALL","1999","30.42"
"","EU_AFTER_MAY2004","ALL","2000","30.81"
"","EU_AFTER_MAY2004","ALL","2001","31.09"
"","EU_AFTER_MAY2004","ALL","2002","31.17"
"","EU_AFTER_MAY2004","ALL","2003","31.17"
"","EU_AFTER_MAY2004","ALL","2004","31.52"
"","EU_AFTER_MAY2004","ALL","2005","31.54"
"","EU_AFTER_MAY2004","ALL","2006","31.84"
"","EU_AFTER_MAY2004","ALL","2007","32.01"
"","EU_AFTER_MAY2004","ALL","2008","32.29"
"","EU_AFTER_MAY2004","ALL","2009","32.46"
"","EU_AFTER_MAY2004","ALL","2010","32.76"
"","EU_AFTER_MAY2004","ALL","2011","33.15"
"","EU_AFTER_MAY2004","ALL","2012","33.23"
"","EU_AFTER_MAY2004","ALL","2013","33.52"
"","EU_AFTER_MAY2004","ALL","2014","33.85"
"","EU_AFTER_MAY2004","ALL","2015","33.69"
"","EU_AFTER_MAY2004","ALL","2016","34.02"
"","EU_AFTER_MAY2004","ALL","2017","33.92"
"","EU_AFTER_MAY2004","ALL","2018","34.01"
"","EU_AFTER_MAY2004","ALL","2019","34.24"
"","EU_AFTER_MAY2004","ALL","2020","33.37"
"","EU_BEFORE_MAY2004","ALL","1969","30.96"
"","EU_BEFORE_MAY2004","ALL","1970","31.36"
"","EU_BEFORE_MAY2004","ALL","1971","31.38"
"","EU_BEFORE_MAY2004","ALL","1972","31.48"
"","EU_BEFORE_MAY2004","ALL","1973","31.45"
"","EU_BEFORE_MAY2004","ALL","1974","31.63"
"","EU_BEFORE_MAY2004","ALL","1975","31.64"
"","EU_BEFORE_MAY2004","ALL","1976","31.7"
"","EU_BEFORE_MAY2004","ALL","1977","32.01"
"","EU_BEFORE_MAY2004","ALL","1978","32.05"
"","EU_BEFORE_MAY2004","ALL","1979","32.21"
"","EU_BEFORE_MAY2004","ALL","1980","32.35"
"","EU_BEFORE_MAY2004","ALL","1981","32.54"
"","EU_BEFORE_MAY2004","ALL","1982","32.69"
"","EU_BEFORE_MAY2004","ALL","1983","32.62"
"","EU_BEFORE_MAY2004","ALL","1984","32.93"
"","EU_BEFORE_MAY2004","ALL","1985","32.89"
"","EU_BEFORE_MAY2004","ALL","1986","33.04"
"","EU_BEFORE_MAY2004","ALL","1987","33.41"
"","EU_BEFORE_MAY2004","ALL","1988","33.51"
"","EU_BEFORE_MAY2004","ALL","1989","33.66"
"","EU_BEFORE_MAY2004","ALL","1990","33.8"
"","EU_BEFORE_MAY2004","ALL","1991","33.95"
"","EU_BEFORE_MAY2004","ALL","1992","34.24"
"","EU_BEFORE_MAY2004","ALL","1993","34.2"
"","EU_BEFORE_MAY2004","ALL","1994","34.57"
"","EU_BEFORE_MAY2004","ALL","1995","34.63"
"","EU_BEFORE_MAY2004","ALL","1996","34.8"
"","EU_BEFORE_MAY2004","ALL","1997","35.05"
"","EU_BEFORE_MAY2004","ALL","1998","35.06"
"","EU_BEFORE_MAY2004","ALL","1999","35.2"
"","EU_BEFORE_MAY2004","ALL","2000","35.55"
"","EU_BEFORE_MAY2004","ALL","2001","35.79"
"","EU_BEFORE_MAY2004","ALL","2002","35.84"
"","EU_BEFORE_MAY2004","ALL","2003","35.77"
"","EU_BEFORE_MAY2004","ALL","2004","36.41"
"","EU_BEFORE_MAY2004","ALL","2005","36.48"
"","EU_BEFORE_MAY2004","ALL","2006","36.96"
"","EU_BEFORE_MAY2004","ALL","2007","37.12"
"","EU_BEFORE_MAY2004","ALL","2008","37.25"
"","EU_BEFORE_MAY2004","ALL","2009","37.49"
"","EU_BEFORE_MAY2004","ALL","2010","37.71"
"","EU_BEFORE_MAY2004","ALL","2011","37.96"
"","EU_BEFORE_MAY2004","ALL","2012","37.9"
"","EU_BEFORE_MAY2004","ALL","2013","38.07"
"","EU_BEFORE_MAY2004","ALL","2014","38.44"
"","EU_BEFORE_MAY2004","ALL","2015","38.12"
"","EU_BEFORE_MAY2004","ALL","2016","38.41"
"","EU_BEFORE_MAY2004","ALL","2017","38.37"
"","EU_BEFORE_MAY2004","ALL","2018","38.41"
"","EU_BEFORE_MAY2004","ALL","2019","38.7"
"","EU_BEFORE_MAY2004","ALL","2020","38.19"
"","EU_MEMBERS","ALL","1969","30.8"
"","EU_MEMBERS","ALL","1970","31.14"
"","EU_MEMBERS","ALL","1971","31.06"
"","EU_MEMBERS","ALL","1972","31.31"
"","EU_MEMBERS","ALL","1973","31.21"
"","EU_MEMBERS","ALL","1974","31.43"
"","EU_MEMBERS","ALL","1975","31.37"
"","EU_MEMBERS","ALL","1976","31.41"
"","EU_MEMBERS","ALL","1977","31.59"
"","EU_MEMBERS","ALL","1978","31.63"
"","EU_MEMBERS","ALL","1979","31.78"
"","EU_MEMBERS","ALL","1980","31.75"
"","EU_MEMBERS","ALL","1981","31.96"
"","EU_MEMBERS","ALL","1982","32.1"
"","EU_MEMBERS","ALL","1983","31.95"
"","EU_MEMBERS","ALL","1984","32.16"
"","EU_MEMBERS","ALL","1985","32.09"
"","EU_MEMBERS","ALL","1986","32.24"
"","EU_MEMBERS","ALL","1987","32.51"
"","EU_MEMBERS","ALL","1988","32.63"
"","EU_MEMBERS","ALL","1989","32.74"
"","EU_MEMBERS","ALL","1990","32.8"
"","EU_MEMBERS","ALL","1991","32.89"
"","EU_MEMBERS","ALL","1992","33.13"
"","EU_MEMBERS","ALL","1993","33.13"
"","EU_MEMBERS","ALL","1994","33.4"
"","EU_MEMBERS","ALL","1995","33.49"
"","EU_MEMBERS","ALL","1996","33.63"
"","EU_MEMBERS","ALL","1997","33.87"
"","EU_MEMBERS","ALL","1998","33.93"
"","EU_MEMBERS","ALL","1999","34.08"
"","EU_MEMBERS","ALL","2000","34.44"
"","EU_MEMBERS","ALL","2001","34.69"
"","EU_MEMBERS","ALL","2002","34.76"
"","EU_MEMBERS","ALL","2003","34.7"
"","EU_MEMBERS","ALL","2004","35.29"
"","EU_MEMBERS","ALL","2005","35.33"
"","EU_MEMBERS","ALL","2006","35.78"
"","EU_MEMBERS","ALL","2007","35.95"
"","EU_MEMBERS","ALL","2008","36.13"
"","EU_MEMBERS","ALL","2009","36.31"
"","EU_MEMBERS","ALL","2010","36.57"
"","EU_MEMBERS","ALL","2011","36.83"
"","EU_MEMBERS","ALL","2012","36.84"
"","EU_MEMBERS","ALL","2013","37.05"
"","EU_MEMBERS","ALL","2014","37.43"
"","EU_MEMBERS","ALL","2015","37.16"
"","EU_MEMBERS","ALL","2016","37.48"
"","EU_MEMBERS","ALL","2017","37.41"
"","EU_MEMBERS","ALL","2018","37.51"
"","EU_MEMBERS","ALL","2019","37.74"
"","EU_MEMBERS","ALL","2020","37.25"
"","EU_BEFORE_FEB2020","ALL","1969","30.68"
"","EU_BEFORE_FEB2020","ALL","1970","31"
"","EU_BEFORE_FEB2020","ALL","1971","30.98"
"","EU_BEFORE_FEB2020","ALL","1972","31.15"
"","EU_BEFORE_FEB2020","ALL","1973","31.09"
"","EU_BEFORE_FEB2020","ALL","1974","31.3"
"","EU_BEFORE_FEB2020","ALL","1975","31.26"
"","EU_BEFORE_FEB2020","ALL","1976","31.28"
"","EU_BEFORE_FEB2020","ALL","1977","31.5"
"","EU_BEFORE_FEB2020","ALL","1978","31.52"
"","EU_BEFORE_FEB2020","ALL","1979","31.65"
"","EU_BEFORE_FEB2020","ALL","1980","31.67"
"","EU_BEFORE_FEB2020","ALL","1981","31.9"
"","EU_BEFORE_FEB2020","ALL","1982","32.02"
"","EU_BEFORE_FEB2020","ALL","1983","31.91"
"","EU_BEFORE_FEB2020","ALL","1984","32.13"
"","EU_BEFORE_FEB2020","ALL","1985","32.05"
"","EU_BEFORE_FEB2020","ALL","1986","32.21"
"","EU_BEFORE_FEB2020","ALL","1987","32.5"
"","EU_BEFORE_FEB2020","ALL","1988","32.62"
"","EU_BEFORE_FEB2020","ALL","1989","32.73"
"","EU_BEFORE_FEB2020","ALL","1990","32.83"
"","EU_BEFORE_FEB2020","ALL","1991","32.92"
"","EU_BEFORE_FEB2020","ALL","1992","33.17"
"","EU_BEFORE_FEB2020","ALL","1993","33.14"
"","EU_BEFORE_FEB2020","ALL","1994","33.45"
"","EU_BEFORE_FEB2020","ALL","1995","33.52"
"","EU_BEFORE_FEB2020","ALL","1996","33.67"
"","EU_BEFORE_FEB2020","ALL","1997","33.91"
"","EU_BEFORE_FEB2020","ALL","1998","33.97"
"","EU_BEFORE_FEB2020","ALL","1999","34.12"
"","EU_BEFORE_FEB2020","ALL","2000","34.48"
"","EU_BEFORE_FEB2020","ALL","2001","34.74"
"","EU_BEFORE_FEB2020","ALL","2002","34.81"
"","EU_BEFORE_FEB2020","ALL","2003","34.76"
"","EU_BEFORE_FEB2020","ALL","2004","35.34"
"","EU_BEFORE_FEB2020","ALL","2005","35.4"
"","EU_BEFORE_FEB2020","ALL","2006","35.85"
"","EU_BEFORE_FEB2020","ALL","2007","36.02"
"","EU_BEFORE_FEB2020","ALL","2008","36.19"
"","EU_BEFORE_FEB2020","ALL","2009","36.41"
"","EU_BEFORE_FEB2020","ALL","2010","36.66"
"","EU_BEFORE_FEB2020","ALL","2011","36.94"
"","EU_BEFORE_FEB2020","ALL","2012","36.92"
"","EU_BEFORE_FEB2020","ALL","2013","37.12"
"","EU_BEFORE_FEB2020","ALL","2014","37.49"
"","EU_BEFORE_FEB2020","ALL","2015","37.2"
"","EU_BEFORE_FEB2020","ALL","2016","37.51"
"","EU_BEFORE_FEB2020","ALL","2017","37.46"
"","EU_BEFORE_FEB2020","ALL","2018","37.51"
"","EU_BEFORE_FEB2020","ALL","2019","37.8"
"","EU_BEFORE_FEB2020","ALL","2020","37.21"
"FIN","","ALL","1969","28.25"
"FIN","","ALL","1970","28.85"
"FIN","","ALL","1971","28.65"
"FIN","","ALL","1972","29.38"
"FIN","","ALL","1973","29.67"
"FIN","","ALL","1974","29.61"
"FIN","","ALL","1975","30.09"
"FIN","","ALL","1976","30.05"
"FIN","","ALL","1977","30.41"
"FIN","","ALL","1978","30.8"
"FIN","","ALL","1979","31.09"
"FIN","","ALL","1980","31.27"
"FIN","","ALL","1981","31.47"
"FIN","","ALL","1982","31.99"
"FIN","","ALL","1983","31.9"
"FIN","","ALL","1984","32.24"
"FIN","","ALL","1985","31.78"
"FIN","","ALL","1986","32.22"
"FIN","","ALL","1987","32.37"
"FIN","","ALL","1988","32.38"
"FIN","","ALL","1989","32.6"
"FIN","","ALL","1990","32.65"
"FIN","","ALL","1991","33.06"
"FIN","","ALL","1992","33.14"
"FIN","","ALL","1993","33.13"
"FIN","","ALL","1994","33.94"
"FIN","","ALL","1995","33.79"
"FIN","","ALL","1996","34.1"
"FIN","","ALL","1997","34.26"
"FIN","","ALL","1998","34.39"
"FIN","","ALL","1999","34.58"
"FIN","","ALL","2000","34.82"
"FIN","","ALL","2001","35.2"
"FIN","","ALL","2002","35.22"
"FIN","","ALL","2003","35.43"
"FIN","","ALL","2004","35.86"
"FIN","","ALL","2005","36.06"
"FIN","","ALL","2006","36.34"
"FIN","","ALL","2007","36.43"
"FIN","","ALL","2008","36.71"
"FIN","","ALL","2009","36.81"
"FIN","","ALL","2010","36.9"
"FIN","","ALL","2011","37.25"
"FIN","","ALL","2012","37.32"
"FIN","","ALL","2013","37.59"
"FIN","","ALL","2014","37.7"
"FIN","","ALL","2016","37.89"
"FIN","","ALL","2017","38.21"
"FIN","","ALL","2018","38.21"
"FIN","","ALL","2019","38.6"
"FIN","","ALL","2020","38.49"
"FRA","","ALL","1968","30.71"
"FRA","","ALL","1969","30.74"
"FRA","","ALL","1970","31.54"
"FRA","","ALL","1971","31.46"
"FRA","","ALL","1972","31.65"
"FRA","","ALL","1973","31.78"
"FRA","","ALL","1974","31.85"
"FRA","","ALL","1975","31.86"
"FRA","","ALL","1976","32.03"
"FRA","","ALL","1977","32.58"
"FRA","","ALL","1978","32.54"
"FRA","","ALL","1979","32.83"
"FRA","","ALL","1980","32.96"
"FRA","","ALL","1981","32.99"
"FRA","","ALL","1982","33.33"
"FRA","","ALL","1983","33.23"
"FRA","","ALL","1984","33.69"
"FRA","","ALL","1985","33.7"
"FRA","","ALL","1986","33.6"
"FRA","","ALL","1987","34.5"
"FRA","","ALL","1988","34.8"
"FRA","","ALL","1989","34.96"
"FRA","","ALL","1990","35.24"
"FRA","","ALL","1991","35.45"
"FRA","","ALL","1992","35.68"
"FRA","","ALL","1993","35.67"
"FRA","","ALL","1994","36.09"
"FRA","","ALL","1995","36.07"
"FRA","","ALL","1996","36.1"
"FRA","","ALL","1997","36.34"
"FRA","","ALL","1998","35.96"
"FRA","","ALL","1999","36.06"
"FRA","","ALL","2000","36.35"
"FRA","","ALL","2001","36.45"
"FRA","","ALL","2002","36.45"
"FRA","","ALL","2003","36.26"
"FRA","","ALL","2004","37.24"
"FRA","","ALL","2005","37.16"
"FRA","","ALL","2006","37.79"
"FRA","","ALL","2007","38.06"
"FRA","","ALL","2008","38.13"
"FRA","","ALL","2009","38.34"
"FRA","","ALL","2010","38.52"
"FRA","","ALL","2011","38.91"
"FRA","","ALL","2012","38.74"
"FRA","","ALL","2013","39"
"FRA","","ALL","2014","39.49"
"FRA","","ALL","2017","39.27"
"GBR","","ALL","1968","29.87"
"GBR","","ALL","1969","29.82"
"GBR","","ALL","1970","30.02"
"GBR","","ALL","1971","30.41"
"GBR","","ALL","1972","30.06"
"GBR","","ALL","1973","30.21"
"GBR","","ALL","1974","30.32"
"GBR","","ALL","1975","30.52"
"GBR","","ALL","1976","30.36"
"GBR","","ALL","1977","30.8"
"GBR","","ALL","1978","30.72"
"GBR","","ALL","1979","30.7"
"GBR","","ALL","1980","31.07"
"GBR","","ALL","1981","31.45"
"GBR","","ALL","1982","31.46"
"GBR","","ALL","1983","31.62"
"GBR","","ALL","1984","31.95"
"GBR","","ALL","1985","31.78"
"GBR","","ALL","1986","32.05"
"GBR","","ALL","1987","32.47"
"GBR","","ALL","1988","32.55"
"GBR","","ALL","1989","32.62"
"GBR","","ALL","1990","32.99"
"GBR","","ALL","1991","33.13"
"GBR","","ALL","1992","33.45"
"GBR","","ALL","1993","33.23"
"GBR","","ALL","1994","33.81"
"GBR","","ALL","1995","33.7"
"GBR","","ALL","1996","33.98"
"GBR","","ALL","1997","34.2"
"GBR","","ALL","1998","34.32"
"GBR","","ALL","1999","34.38"
"GBR","","ALL","2000","34.82"
"GBR","","ALL","2001","35.04"
"GBR","","ALL","2002","35.13"
"GBR","","ALL","2003","35.18"
"GBR","","ALL","2004","35.72"
"GBR","","ALL","2005","35.95"
"GBR","","ALL","2006","36.32"
"GBR","","ALL","2007","36.5"
"GBR","","ALL","2008","36.61"
"GBR","","ALL","2009","37.15"
"GBR","","ALL","2010","37.31"
"GBR","","ALL","2011","37.69"
"GBR","","ALL","2012","37.52"
"GBR","","ALL","2013","37.55"
"GBR","","ALL","2014","37.88"
"GBR","","ALL","2015","37.5"
"GBR","","ALL","2016","37.73"
"GBR","","ALL","2017","37.79"
"GBR","","ALL","2018","37.53"
"GBR","","ALL","2019","38.2"
"GBR","","ALL","2020","36.91"
"GEO","","ALL","1981","31.27"
"GEO","","ALL","1982","31.5"
"GEO","","ALL","1985","31.1"
"GEO","","ALL","1986","31.23"
"GEO","","ALL","1987","31.31"
"GEO","","ALL","1988","31.05"
"GEO","","ALL","1989","31.35"
"GEO","","ALL","1990","31.78"
"GEO","","ALL","1991","31.81"
"GEO","","ALL","1992","31.88"
"GEO","","ALL","1995","32.83"
"GEO","","ALL","1996","33.66"
"GEO","","ALL","1997","32.62"
"GEO","","ALL","1998","32.16"
"GEO","","ALL","1999","32.03"
"GEO","","ALL","2000","31.87"
"GEO","","ALL","2001","32.42"
"GEO","","ALL","2004","30.79"
"GEO","","ALL","2005","32.74"
"GEO","","ALL","2006","32.81"
"GEO","","ALL","2007","33.4"
"GEO","","ALL","2009","32.53"
"GEO","","ALL","2010","32.69"
"GEO","","ALL","2011","32.37"
"GEO","","ALL","2012","32.84"
"GEO","","ALL","2013","33.15"
"GEO","","ALL","2014","30.91"
"GEO","","ALL","2015","30.85"
"GEO","","ALL","2016","30.66"
"GEO","","ALL","2017","31.37"
"GEO","","ALL","2018","31.61"
"GEO","","ALL","2019","31.54"
"GEO","","ALL","2020","30.75"
"GEO","","ALL","2021","29.03"
"GRC","","ALL","1968","32.05"
"GRC","","ALL","1969","32.23"
"GRC","","ALL","1970","32.95"
"GRC","","ALL","1971","33.01"
"GRC","","ALL","1972","32.88"
"GRC","","ALL","1973","32.93"
"GRC","","ALL","1974","33.35"
"GRC","","ALL","1975","33.09"
"GRC","","ALL","1976","33.07"
"GRC","","ALL","1977","33.03"
"GRC","","ALL","1978","33.44"
"GRC","","ALL","1979","33.59"
"GRC","","ALL","1980","33.33"
"GRC","","ALL","1981","33.61"
"GRC","","ALL","1982","33.76"
"GRC","","ALL","1983","33.55"
"GRC","","ALL","1984","33.93"
"GRC","","ALL","1985","33.64"
"GRC","","ALL","1986","33.96"
"GRC","","ALL","1987","33.7"
"GRC","","ALL","1988","34.22"
"GRC","","ALL","1989","34.35"
"GRC","","ALL","1990","34.48"
"GRC","","ALL","1991","34.53"
"GRC","","ALL","1992","34.44"
"GRC","","ALL","1993","34.68"
"GRC","","ALL","1994","34.83"
"GRC","","ALL","1995","34.78"
"GRC","","ALL","1996","34.87"
"GRC","","ALL","1997","35.1"
"GRC","","ALL","1998","35"
"GRC","","ALL","1999","35.04"
"GRC","","ALL","2000","35.03"
"GRC","","ALL","2001","35.38"
"GRC","","ALL","2002","35.48"
"GRC","","ALL","2003","35.53"
"GRC","","ALL","2004","35.69"
"GRC","","ALL","2005","36.01"
"GRC","","ALL","2006","36.33"
"GRC","","ALL","2007","36.19"
"GRC","","ALL","2008","36.59"
"GRC","","ALL","2009","36.92"
"GRC","","ALL","2010","37.24"
"GRC","","ALL","2011","37.36"
"GRC","","ALL","2012","37.2"
"GRC","","ALL","2014","37.89"
"GRC","","ALL","2015","37.55"
"GRC","","ALL","2016","37.94"
"GRC","","ALL","2017","37.7"
"GRC","","ALL","2018","38.21"
"GRC","","ALL","2019","38.05"
"GRC","","ALL","2020","37.66"
"HRV","","ALL","1985","29.87"
"HRV","","ALL","1986","30.06"
"HRV","","ALL","1987","29.79"
"HRV","","ALL","1988","29.98"
"HRV","","ALL","1989","30.22"
"HRV","","ALL","1990","30.41"
"HRV","","ALL","1991","30.4"
"HRV","","ALL","1992","30.85"
"HRV","","ALL","1993","30.77"
"HRV","","ALL","1994","30.9"
"HRV","","ALL","1995","31.16"
"HRV","","ALL","1996","30.17"
"HRV","","ALL","1997","29.99"
"HRV","","ALL","1998","29.8"
"HRV","","ALL","1999","29.93"
"HRV","","ALL","2000","30.09"
"HRV","","ALL","2001","31.82"
"HRV","","ALL","2002","31.88"
"HRV","","ALL","2003","31.71"
"HRV","","ALL","2004","32.56"
"HRV","","ALL","2005","32.28"
"HRV","","ALL","2006","32.78"
"HRV","","ALL","2007","32.68"
"HRV","","ALL","2008","32.89"
"HRV","","ALL","2009","33.13"
"HRV","","ALL","2010","33.36"
"HRV","","ALL","2011","33.76"
"HRV","","ALL","2012","33.84"
"HRV","","ALL","2013","34.32"
"HRV","","ALL","2014","34.4"
"HRV","","ALL","2015","33.95"
"HRV","","ALL","2016","34.62"
"HRV","","ALL","2017","34.41"
"HRV","","ALL","2019","35.02"
"HRV","","ALL","2020","34.2"
"HUN","","ALL","1969","29.41"
"HUN","","ALL","1970","29.33"
"HUN","","ALL","1971","29.19"
"HUN","","ALL","1972","29.63"
"HUN","","ALL","1973","29.43"
"HUN","","ALL","1974","29.48"
"HUN","","ALL","1975","29.21"
"HUN","","ALL","1976","29.12"
"HUN","","ALL","1977","29.15"
"HUN","","ALL","1978","28.58"
"HUN","","ALL","1979","28.8"
"HUN","","ALL","1980","28.32"
"HUN","","ALL","1981","28.33"
"HUN","","ALL","1982","28.38"
"HUN","","ALL","1983","28.06"
"HUN","","ALL","1984","28.22"
"HUN","","ALL","1985","28.28"
"HUN","","ALL","1986","28.3"
"HUN","","ALL","1987","28.62"
"HUN","","ALL","1988","28.84"
"HUN","","ALL","1989","28.52"
"HUN","","ALL","1990","28.35"
"HUN","","ALL","1991","28.43"
"HUN","","ALL","1992","28.1"
"HUN","","ALL","1993","27.99"
"HUN","","ALL","1994","28.29"
"HUN","","ALL","1995","28.53"
"HUN","","ALL","1996","28.87"
"HUN","","ALL","1997","29.18"
"HUN","","ALL","1998","29.13"
"HUN","","ALL","1999","28.71"
"HUN","","ALL","2000","29.37"
"HUN","","ALL","2001","30.18"
"HUN","","ALL","2002","30.22"
"HUN","","ALL","2003","30.02"
"HUN","","ALL","2004","30.37"
"HUN","","ALL","2005","30.27"
"HUN","","ALL","2006","30.72"
"HUN","","ALL","2007","30.78"
"HUN","","ALL","2008","31.18"
"HUN","","ALL","2009","31.3"
"HUN","","ALL","2010","31.51"
"HUN","","ALL","2011","31.78"
"HUN","","ALL","2012","31.93"
"HUN","","ALL","2013","32.34"
"HUN","","ALL","2014","32.52"
"HUN","","ALL","2015","32.54"
"HUN","","ALL","2016","32.73"
"HUN","","ALL","2017","32.51"
"HUN","","ALL","2018","32.68"
"HUN","","ALL","2019","32.96"
"IRL","","ALL","1968","29.36"
"IRL","","ALL","1969","29.14"
"IRL","","ALL","1970","29.17"
"IRL","","ALL","1971","29.8"
"IRL","","ALL","1972","29.29"
"IRL","","ALL","1973","29.37"
"IRL","","ALL","1974","29.23"
"IRL","","ALL","1975","29.71"
"IRL","","ALL","1976","29.71"
"IRL","","ALL","1977","29.83"
"IRL","","ALL","1978","29.82"
"IRL","","ALL","1979","29.87"
"IRL","","ALL","1980","29.98"
"IRL","","ALL","1981","30.31"
"IRL","","ALL","1982","30.51"
"IRL","","ALL","1983","30.38"
"IRL","","ALL","1984","30.86"
"IRL","","ALL","1985","30.67"
"IRL","","ALL","1986","30.6"
"IRL","","ALL","1987","31.36"
"IRL","","ALL","1988","31.4"
"IRL","","ALL","1989","31.47"
"IRL","","ALL","1990","31.86"
"IRL","","ALL","1991","32.08"
"IRL","","ALL","1992","32.34"
"IRL","","ALL","1993","32.18"
"IRL","","ALL","1994","32.59"
"IRL","","ALL","1995","32.43"
"IRL","","ALL","1996","32.81"
"IRL","","ALL","1997","32.99"
"IRL","","ALL","1998","33.2"
"IRL","","ALL","1999","33.07"
"IRL","","ALL","2000","33.61"
"IRL","","ALL","2001","34.18"
"IRL","","ALL","2002","34.58"
"IRL","","ALL","2003","34.96"
"IRL","","ALL","2004","35.38"
"IRL","","ALL","2005","35.85"
"IRL","","ALL","2006","35.97"
"IRL","","ALL","2007","36.28"
"IRL","","ALL","2008","36.52"
"IRL","","ALL","2009","36.62"
"IRL","","ALL","2010","37.22"
"IRL","","ALL","2011","37.31"
"IRL","","ALL","2012","37.31"
"IRL","","ALL","2013","37.42"
"IRL","","ALL","2015","37.77"
"IRL","","ALL","2018","38.36"
"ISL","","ALL","1971","32.22"
"ISL","","ALL","1972","32.33"
"ISL","","ALL","1973","32.91"
"ISL","","ALL","1974","32.84"
"ISL","","ALL","1975","33.55"
"ISL","","ALL","1976","34.37"
"ISL","","ALL","1977","34.65"
"ISL","","ALL","1978","34.86"
"ISL","","ALL","1979","34.34"
"ISL","","ALL","1980","34.37"
"ISL","","ALL","1981","33.69"
"ISL","","ALL","1982","34.38"
"ISL","","ALL","1983","34.1"
"ISL","","ALL","1984","34.81"
"ISL","","ALL","1985","34.64"
"ISL","","ALL","1986","35.15"
"ISL","","ALL","1987","34.63"
"ISL","","ALL","1988","34.1"
"ISL","","ALL","1989","35"
"ISL","","ALL","1990","35.24"
"ISL","","ALL","1991","34.91"
"ISL","","ALL","1992","35.4"
"ISL","","ALL","1993","35.55"
"ISL","","ALL","1994","35.88"
"ISL","","ALL","1995","35.12"
"ISL","","ALL","1996","35.35"
"ISL","","ALL","1997","35.6"
"ISL","","ALL","1998","36.17"
"ISL","","ALL","1999","35.79"
"ISL","","ALL","2000","36.43"
"ISL","","ALL","2001","37.33"
"ISL","","ALL","2002","37.07"
"ISL","","ALL","2003","37.24"
"ISL","","ALL","2004","37.5"
"ISL","","ALL","2005","37.61"
"ISL","","ALL","2006","37.57"
"ISL","","ALL","2007","37.83"
"ISL","","ALL","2008","37.8"
"ISL","","ALL","2009","38.04"
"ISL","","ALL","2010","38.32"
"ISL","","ALL","2011","38.56"
"ISL","","ALL","2012","39.17"
"ISL","","ALL","2013","38.34"
"ISL","","ALL","2014","39.1"
"ISL","","ALL","2015","38.86"
"ISL","","ALL","2016","38.44"
"ISL","","ALL","2017","39.06"
"ISL","","ALL","2018","39.26"
"ISL","","ALL","2019","39.35"
"ISL","","ALL","2020","39.49"
"ISL","","ALL","2021","39.64"
"ISR","","ALL","1970","30.24"
"ISR","","ALL","1971","30.52"
"ISR","","ALL","1972","30.25"
"ISR","","ALL","1973","30.43"
"ISR","","ALL","1974","30.42"
"ISR","","ALL","1975","31.14"
"ISR","","ALL","1976","31.54"
"ISR","","ALL","1977","31.32"
"ISR","","ALL","1978","31.53"
"ISR","","ALL","1979","31.65"
"ISR","","ALL","1980","31.74"
"ISR","","ALL","1981","32.15"
"ISR","","ALL","1982","31.8"
"ISR","","ALL","1983","32.41"
"ISR","","ALL","1984","32.53"
"ISR","","ALL","1985","32.74"
"ISR","","ALL","1986","32.45"
"ISR","","ALL","1987","32.73"
"ISR","","ALL","1988","33.05"
"ISR","","ALL","1989","33.55"
"ISR","","ALL","1990","33.96"
"ISR","","ALL","1991","33.86"
"ISR","","ALL","1992","33.68"
"ISR","","ALL","1993","34.21"
"ISR","","ALL","1994","34.44"
"ISR","","ALL","1995","34.36"
"ISR","","ALL","1996","35.22"
"ISR","","ALL","1997","35.21"
"ISR","","ALL","1998","35.21"
"ISR","","ALL","1999","35.45"
"ISR","","ALL","2000","35.73"
"ISR","","ALL","2001","36.22"
"ISR","","ALL","2002","36.22"
"ISR","","ALL","2003","36.36"
"ISR","","ALL","2004","36.75"
"ISR","","ALL","2005","36.71"
"ISR","","ALL","2006","37.14"
"ISR","","ALL","2007","37.07"
"ISR","","ALL","2008","37.58"
"ISR","","ALL","2009","38.36"
"ISR","","ALL","2010","38.52"
"ISR","","ALL","2011","38.51"
"ISR","","ALL","2012","38.42"
"ISR","","ALL","2013","38.77"
"ISR","","ALL","2014","38.94"
"ISR","","ALL","2015","38.68"
"ISR","","ALL","2016","39.08"
"ISR","","ALL","2017","39.22"
"ISR","","ALL","2018","39.51"
"ISR","","ALL","2019","39.45"
"ISR","","ALL","2020","39.05"
"ITA","","ALL","1968","30.39"
"ITA","","ALL","1969","30.27"
"ITA","","ALL","1970","30.93"
"ITA","","ALL","1971","31.07"
"ITA","","ALL","1972","31.12"
"ITA","","ALL","1973","30.82"
"ITA","","ALL","1974","31.5"
"ITA","","ALL","1975","31.27"
"ITA","","ALL","1976","31.5"
"ITA","","ALL","1977","31.73"
"ITA","","ALL","1978","31.98"
"ITA","","ALL","1979","32.22"
"ITA","","ALL","1980","32.18"
"ITA","","ALL","1981","32.56"
"ITA","","ALL","1982","32.54"
"ITA","","ALL","1983","32.22"
"ITA","","ALL","1984","32.9"
"ITA","","ALL","1985","32.95"
"ITA","","ALL","1986","33.24"
"ITA","","ALL","1987","33.68"
"ITA","","ALL","1988","33.83"
"ITA","","ALL","1989","34.23"
"ITA","","ALL","1990","34.36"
"ITA","","ALL","1991","34.44"
"ITA","","ALL","1992","34.71"
"ITA","","ALL","1993","34.86"
"ITA","","ALL","1994","35.01"
"ITA","","ALL","1995","35.26"
"ITA","","ALL","1996","35.6"
"ITA","","ALL","1997","35.71"
"ITA","","ALL","1998","35.71"
"ITA","","ALL","1999","36.04"
"ITA","","ALL","2000","36.38"
"ITA","","ALL","2001","36.72"
"ITA","","ALL","2002","36.97"
"ITA","","ALL","2003","36.66"
"ITA","","ALL","2004","37.43"
"ITA","","ALL","2005","37.31"
"ITA","","ALL","2006","37.94"
"ITA","","ALL","2007","38.04"
"ITA","","ALL","2008","38.19"
"ITA","","ALL","2009","38.33"
"ITA","","ALL","2010","38.69"
"ITA","","ALL","2011","38.59"
"ITA","","ALL","2012","38.54"
"ITA","","ALL","2013","39.06"
"ITA","","ALL","2014","39.35"
"ITA","","ALL","2015","38.82"
"ITA","","ALL","2016","39.45"
"ITA","","ALL","2017","39.16"
"ITA","","ALL","2018","39.51"
"ITA","","ALL","2019","39.68"
"KAZ","","ALL","1981","29.36"
"KAZ","","ALL","1982","29.63"
"KAZ","","ALL","1985","29.08"
"KAZ","","ALL","1986","29.85"
"KAZ","","ALL","1987","29.61"
"KAZ","","ALL","1988","29.35"
"KAZ","","ALL","1989","29.43"
"KAZ","","ALL","1990","29.48"
"KAZ","","ALL","1991","29.25"
"KAZ","","ALL","1992","29.07"
"KAZ","","ALL","1993","27.84"
"KAZ","","ALL","1994","27.17"
"KAZ","","ALL","1995","26.37"
"KAZ","","ALL","1996","26.08"
"KAZ","","ALL","1997","26.41"
"KAZ","","ALL","1998","26.37"
"KAZ","","ALL","1999","26.92"
"KAZ","","ALL","2000","26.71"
"KAZ","","ALL","2001","26.73"
"KAZ","","ALL","2002","26.75"
"KAZ","","ALL","2003","26.39"
"KAZ","","ALL","2004","26.85"
"KAZ","","ALL","2005","26.77"
"KAZ","","ALL","2006","27.08"
"KAZ","","ALL","2007","27.33"
"KAZ","","ALL","2008","28.08"
"KAZ","","ALL","2009","28.88"
"KAZ","","ALL","2010","28.52"
"KAZ","","ALL","2011","28.82"
"KAZ","","ALL","2012","29.16"
"KAZ","","ALL","2013","29.92"
"KAZ","","ALL","2014","30.37"
"KAZ","","ALL","2015","30.68"
"KAZ","","ALL","2016","30.85"
"KAZ","","ALL","2017","31.28"
"KAZ","","ALL","2018","31.38"
"KAZ","","ALL","2019","31.43"
"KAZ","","ALL","2020","29.36"
"KAZ","","ALL","2021","28.31"
"KGZ","","ALL","1981","30.63"
"KGZ","","ALL","1982","30.58"
"KGZ","","ALL","1985","30.02"
"KGZ","","ALL","1986","31.41"
"KGZ","","ALL","1987","30.96"
"KGZ","","ALL","1988","30.35"
"KGZ","","ALL","1989","30.13"
"KGZ","","ALL","1990","30.13"
"KGZ","","ALL","1991","29.8"
"KGZ","","ALL","1992","29.46"
"KGZ","","ALL","1993","28.38"
"KGZ","","ALL","1994","26.9"
"KGZ","","ALL","1995","26.98"
"KGZ","","ALL","1996","27.68"
"KGZ","","ALL","1997","28.13"
"KGZ","","ALL","1998","28.34"
"KGZ","","ALL","1999","28.88"
"KGZ","","ALL","2000","28.4"
"KGZ","","ALL","2001","28.93"
"KGZ","","ALL","2002","28.13"
"KGZ","","ALL","2003","27.88"
"KGZ","","ALL","2004","28.51"
"KGZ","","ALL","2005","28.24"
"KGZ","","ALL","2006","28.03"
"KGZ","","ALL","2007","28.37"
"KGZ","","ALL","2008","28.76"
"KGZ","","ALL","2009","29.09"
"KGZ","","ALL","2010","29.33"
"KGZ","","ALL","2011","29.36"
"KGZ","","ALL","2012","29.57"
"KGZ","","ALL","2013","30.25"
"KGZ","","ALL","2014","30.25"
"KGZ","","ALL","2015","30.77"
"KGZ","","ALL","2016","31.59"
"LTU","","ALL","1981","30.75"
"LTU","","ALL","1982","31.08"
"LTU","","ALL","1983","30.78"
"LTU","","ALL","1984","30.19"
"LTU","","ALL","1985","30.2"
"LTU","","ALL","1986","31.23"
"LTU","","ALL","1987","31.01"
"LTU","","ALL","1988","31.05"
"LTU","","ALL","1989","30.99"
"LTU","","ALL","1990","30.57"
"LTU","","ALL","1991","30.39"
"LTU","","ALL","1992","30.31"
"LTU","","ALL","1993","29.03"
"LTU","","ALL","1994","28.83"
"LTU","","ALL","1995","29.02"
"LTU","","ALL","1996","29.74"
"LTU","","ALL","1997","30.36"
"LTU","","ALL","1998","30.45"
"LTU","","ALL","1999","30.78"
"LTU","","ALL","2000","31.02"
"LTU","","ALL","2001","30.66"
"LTU","","ALL","2002","30.66"
"LTU","","ALL","2003","30.79"
"LTU","","ALL","2004","30.78"
"LTU","","ALL","2005","30.2"
"LTU","","ALL","2006","29.98"
"LTU","","ALL","2007","29.88"
"LTU","","ALL","2008","30.56"
"LTU","","ALL","2009","31.36"
"LTU","","ALL","2010","31.46"
"LTU","","ALL","2011","31.88"
"LTU","","ALL","2012","32.13"
"LTU","","ALL","2013","32.17"
"LTU","","ALL","2014","32.76"
"LTU","","ALL","2015","32.46"
"LTU","","ALL","2016","32.66"
"LTU","","ALL","2017","33.27"
"LTU","","ALL","2018","33.51"
"LTU","","ALL","2019","33.86"
"LTU","","ALL","2020","32.33"
"LTU","","ALL","2021","31.55"
"LUX","","ALL","1971","28.74"
"LUX","","ALL","1972","29.4"
"LUX","","ALL","1973","29.52"
"LUX","","ALL","1974","29.31"
"LUX","","ALL","1975","29.39"
"LUX","","ALL","1976","29.49"
"LUX","","ALL","1977","30.53"
"LUX","","ALL","1978","29.95"
"LUX","","ALL","1979","30.61"
"LUX","","ALL","1980","30.45"
"LUX","","ALL","1981","30.76"
"LUX","","ALL","1982","30.86"
"LUX","","ALL","1983","31.19"
"LUX","","ALL","1984","31.15"
"LUX","","ALL","1985","31.45"
"LUX","","ALL","1986","31.76"
"LUX","","ALL","1987","31.87"
"LUX","","ALL","1988","32.46"
"LUX","","ALL","1989","32.41"
"LUX","","ALL","1990","33.03"
"LUX","","ALL","1991","33.39"
"LUX","","ALL","1992","33.41"
"LUX","","ALL","1993","33.56"
"LUX","","ALL","1994","34.33"
"LUX","","ALL","1995","34.45"
"LUX","","ALL","1996","34.33"
"LUX","","ALL","1997","34.69"
"LUX","","ALL","1998","34.92"
"LUX","","ALL","1999","35.42"
"LUX","","ALL","2000","35.78"
"LUX","","ALL","2001","35.64"
"LUX","","ALL","2002","35.62"
"LUX","","ALL","2003","34.99"
"LUX","","ALL","2004","36.47"
"LUX","","ALL","2005","36.53"
"LUX","","ALL","2006","36.36"
"LUX","","ALL","2007","36.47"
"LUX","","ALL","2008","37.54"
"LUX","","ALL","2009","37.53"
"LUX","","ALL","2010","37.63"
"LUX","","ALL","2011","37.69"
"LUX","","ALL","2012","38.15"
"LUX","","ALL","2013","38.58"
"LUX","","ALL","2014","38.92"
"LUX","","ALL","2015","38.97"
"LUX","","ALL","2016","39.2"
"LUX","","ALL","2017","38.96"
"LUX","","ALL","2018","39.38"
"LUX","","ALL","2019","39.57"
"LUX","","ALL","2020","38.96"
"LUX","","ALL","2021","39.45"
"LVA","","ALL","1980","29.38"
"LVA","","ALL","1981","29.38"
"LVA","","ALL","1982","29.74"
"LVA","","ALL","1983","29.54"
"LVA","","ALL","1984","29.2"
"LVA","","ALL","1985","29.06"
"LVA","","ALL","1986","30.05"
"LVA","","ALL","1987","29.86"
"LVA","","ALL","1988","29.92"
"LVA","","ALL","1989","29.88"
"LVA","","ALL","1990","29.17"
"LVA","","ALL","1991","29.16"
"LVA","","ALL","1992","28.81"
"LVA","","ALL","1993","27.46"
"LVA","","ALL","1994","26.39"
"LVA","","ALL","1995","27.17"
"LVA","","ALL","1996","28.68"
"LVA","","ALL","1997","29.06"
"LVA","","ALL","1998","28.83"
"LVA","","ALL","1999","29.42"
"LVA","","ALL","2000","29.59"
"LVA","","ALL","2001","29.19"
"LVA","","ALL","2002","29.38"
"LVA","","ALL","2003","29.45"
"LVA","","ALL","2004","29.66"
"LVA","","ALL","2005","29.43"
"LVA","","ALL","2006","29.2"
"LVA","","ALL","2007","29.53"
"LVA","","ALL","2008","30.39"
"LVA","","ALL","2009","31.02"
"LVA","","ALL","2010","31.03"
"LVA","","ALL","2011","31.73"
"LVA","","ALL","2012","31.82"
"LVA","","ALL","2013","32.04"
"LVA","","ALL","2014","32.48"
"LVA","","ALL","2015","32.62"
"LVA","","ALL","2016","32.74"
"LVA","","ALL","2017","32.69"
"LVA","","ALL","2018","32.71"
"LVA","","ALL","2019","33.26"
"LVA","","ALL","2020","32.88"
"LVA","","ALL","2021","30.69"
"MDA","","ALL","1981","27.64"
"MDA","","ALL","1982","27.85"
"MDA","","ALL","1985","26.97"
"MDA","","ALL","1986","28.43"
"MDA","","ALL","1987","28.68"
"MDA","","ALL","1988","28.62"
"MDA","","ALL","1989","28.99"
"MDA","","ALL","1990","28.26"
"MDA","","ALL","1991","27.42"
"MDA","","ALL","1992","28.03"
"MDA","","ALL","1993","27.57"
"MDA","","ALL","1994","26.21"
"MDA","","ALL","1995","25.94"
"MDA","","ALL","1996","26.57"
"MDA","","ALL","1997","26.65"
"MDA","","ALL","1998","27.36"
"MDA","","ALL","1999","27.09"
"MDA","","ALL","2000","27"
"MDA","","ALL","2001","27.37"
"MDA","","ALL","2002","27.05"
"MDA","","ALL","2003","26.85"
"MDA","","ALL","2004","27.23"
"MDA","","ALL","2005","26.53"
"MDA","","ALL","2006","27.12"
"MDA","","ALL","2007","27.53"
"MDA","","ALL","2008","27.98"
"MDA","","ALL","2009","27.97"
"MDA","","ALL","2010","27.67"
"MDA","","ALL","2011","29.11"
"MDA","","ALL","2012","29.19"
"MDA","","ALL","2013","29.78"
"MDA","","ALL","2014","29.52"
"MDA","","ALL","2015","29.5"
"MDA","","ALL","2016","30.15"
"MDA","","ALL","2017","30.99"
"MDA","","ALL","2018","31.05"
"MKD","","ALL","1991","31.12"
"MKD","","ALL","1992","30.36"
"MKD","","ALL","1993","30.7"
"MKD","","ALL","1994","30.66"
"MKD","","ALL","1995","30.57"
"MKD","","ALL","1996","30.76"
"MKD","","ALL","1997","30.6"
"MKD","","ALL","1998","30.42"
"MKD","","ALL","1999","30.69"
"MKD","","ALL","2000","30.6"
"MKD","","ALL","2001","30.97"
"MKD","","ALL","2002","30.53"
"MKD","","ALL","2003","30.7"
"MKD","","ALL","2004","30.96"
"MKD","","ALL","2005","30.96"
"MKD","","ALL","2006","31.03"
"MKD","","ALL","2007","30.88"
"MKD","","ALL","2008","31.37"
"MKD","","ALL","2009","31.59"
"MKD","","ALL","2010","31.77"
"MKD","","ALL","2011","31.81"
"MKD","","ALL","2012","31.77"
"MKD","","ALL","2013","32.41"
"MKD","","ALL","2015","32.26"
"MKD","","ALL","2016","32.52"
"MKD","","ALL","2017","32.74"
"MKD","","ALL","2018","33.17"
"MKD","","ALL","2019","33.07"
"MKD","","ALL","2020","30.89"
"MKD","","ALL","2021","29.82"
"MLT","","ALL","1968","28.93"
"MLT","","ALL","1969","28.8"
"MLT","","ALL","1970","28.97"
"MLT","","ALL","1971","28.93"
"MLT","","ALL","1972","29.59"
"MLT","","ALL","1973","28.06"
"MLT","","ALL","1974","28.62"
"MLT","","ALL","1975","28.15"
"MLT","","ALL","1976","27.96"
"MLT","","ALL","1977","28.58"
"MLT","","ALL","1978","27.58"
"MLT","","ALL","1979","28.57"
"MLT","","ALL","1980","28.01"
"MLT","","ALL","1981","28.39"
"MLT","","ALL","1982","29.65"
"MLT","","ALL","1983","29.5"
"MLT","","ALL","1984","30.33"
"MLT","","ALL","1985","30.71"
"MLT","","ALL","1986","31.65"
"MLT","","ALL","1987","31.53"
"MLT","","ALL","1988","32.23"
"MLT","","ALL","1989","32.87"
"MLT","","ALL","1990","32.85"
"MLT","","ALL","1991","32.77"
"MLT","","ALL","1992","32.79"
"MLT","","ALL","1993","33.66"
"MLT","","ALL","1994","33.83"
"MLT","","ALL","1995","34.18"
"MLT","","ALL","1996","34.45"
"MLT","","ALL","1997","34.31"
"MLT","","ALL","1998","34.03"
"MLT","","ALL","1999","33.97"
"MLT","","ALL","2000","34.61"
"MLT","","ALL","2001","35.21"
"MLT","","ALL","2002","35.19"
"MLT","","ALL","2003","35.12"
"MLT","","ALL","2004","35.92"
"MLT","","ALL","2005","35.87"
"MLT","","ALL","2006","35.96"
"MLT","","ALL","2007","36.7"
"MLT","","ALL","2008","36.53"
"MLT","","ALL","2009","37"
"MLT","","ALL","2010","38.02"
"MLT","","ALL","2011","37.59"
"MLT","","ALL","2012","37.43"
"MLT","","ALL","2013","38.27"
"MLT","","ALL","2014","38.56"
"MLT","","ALL","2015","38.36"
"MLT","","ALL","2016","39.11"
"MLT","","ALL","2017","38.86"
"MNE","","ALL","1985","33.82"
"MNE","","ALL","1986","34.28"
"MNE","","ALL","1987","34.32"
"MNE","","ALL","1988","35.83"
"MNE","","ALL","1989","35.36"
"MNE","","ALL","1990","35.75"
"MNE","","ALL","1991","33.73"
"MNE","","ALL","1992","33.5"
"MNE","","ALL","1993","33.15"
"MNE","","ALL","1994","32.92"
"MNE","","ALL","1995","32.6"
"MNE","","ALL","1996","33.55"
"MNE","","ALL","1997","32.67"
"MNE","","ALL","2000","31.75"
"MNE","","ALL","2001","31.69"
"MNE","","ALL","2002","31.48"
"MNE","","ALL","2003","31.28"
"MNE","","ALL","2004","31.31"
"MNE","","ALL","2005","31.41"
"MNE","","ALL","2006","31.49"
"MNE","","ALL","2007","31.77"
"MNE","","ALL","2008","32.5"
"MNE","","ALL","2009","32.49"
"MNE","","ALL","2017","34.92"
"MNE","","ALL","2019","36.12"
"NLD","","ALL","1969","31.58"
"NLD","","ALL","1970","31.55"
"NLD","","ALL","1971","31.71"
"NLD","","ALL","1972","31.59"
"NLD","","ALL","1973","32.01"
"NLD","","ALL","1974","32.31"
"NLD","","ALL","1975","32.09"
"NLD","","ALL","1976","32.25"
"NLD","","ALL","1977","32.84"
"NLD","","ALL","1978","32.7"
"NLD","","ALL","1979","33.06"
"NLD","","ALL","1980","33.18"
"NLD","","ALL","1981","33.3"
"NLD","","ALL","1982","33.36"
"NLD","","ALL","1983","33.5"
"NLD","","ALL","1984","33.53"
"NLD","","ALL","1985","33.5"
"NLD","","ALL","1986","33.48"
"NLD","","ALL","1987","33.93"
"NLD","","ALL","1988","34.02"
"NLD","","ALL","1989","33.83"
"NLD","","ALL","1990","34.06"
"NLD","","ALL","1991","34.16"
"NLD","","ALL","1992","34.34"
"NLD","","ALL","1993","33.95"
"NLD","","ALL","1994","34.38"
"NLD","","ALL","1995","34.41"
"NLD","","ALL","1996","34.42"
"NLD","","ALL","1997","34.71"
"NLD","","ALL","1998","34.74"
"NLD","","ALL","1999","34.71"
"NLD","","ALL","2000","34.86"
"NLD","","ALL","2001","35.05"
"NLD","","ALL","2002","35.08"
"NLD","","ALL","2003","35.28"
"NLD","","ALL","2004","35.78"
"NLD","","ALL","2005","36.06"
"NLD","","ALL","2006","36.36"
"NLD","","ALL","2007","36.77"
"NLD","","ALL","2008","36.87"
"NLD","","ALL","2009","37.19"
"NLD","","ALL","2010","37.29"
"NLD","","ALL","2011","37.58"
"NLD","","ALL","2012","37.47"
"NLD","","ALL","2013","37.68"
"NLD","","ALL","2014","38.08"
"NLD","","ALL","2015","37.77"
"NLD","","ALL","2016","37.88"
"NLD","","ALL","2017","38.08"
"NLD","","ALL","2018","38.52"
"NLD","","ALL","2019","39.16"
"NLD","","ALL","2020","37.93"
"NOR","","ALL","1969","31.83"
"NOR","","ALL","1970","32.05"
"NOR","","ALL","1971","32.22"
"NOR","","ALL","1972","32.23"
"NOR","","ALL","1973","32.35"
"NOR","","ALL","1974","32.51"
"NOR","","ALL","1975","32.54"
"NOR","","ALL","1976","32.65"
"NOR","","ALL","1977","32.9"
"NOR","","ALL","1978","32.91"
"NOR","","ALL","1979","32.86"
"NOR","","ALL","1980","33.13"
"NOR","","ALL","1981","33.16"
"NOR","","ALL","1982","33.47"
"NOR","","ALL","1983","33.44"
"NOR","","ALL","1984","33.58"
"NOR","","ALL","1985","33.38"
"NOR","","ALL","1986","33.62"
"NOR","","ALL","1987","33.52"
"NOR","","ALL","1988","33.58"
"NOR","","ALL","1989","33.79"
"NOR","","ALL","1990","33.83"
"NOR","","ALL","1991","34.18"
"NOR","","ALL","1992","34.31"
"NOR","","ALL","1993","34.12"
"NOR","","ALL","1994","34.68"
"NOR","","ALL","1995","34.6"
"NOR","","ALL","1996","35.03"
"NOR","","ALL","1997","35.05"
"NOR","","ALL","1998","35.3"
"NOR","","ALL","1999","35.23"
"NOR","","ALL","2000","35.65"
"NOR","","ALL","2001","35.78"
"NOR","","ALL","2002","35.79"
"NOR","","ALL","2003","36.33"
"NOR","","ALL","2004","36.76"
"NOR","","ALL","2005","36.93"
"NOR","","ALL","2006","37.11"
"NOR","","ALL","2007","37.08"
"NOR","","ALL","2008","37.3"
"NOR","","ALL","2009","37.54"
"NOR","","ALL","2010","37.6"
"NOR","","ALL","2011","37.82"
"NOR","","ALL","2012","37.8"
"NOR","","ALL","2013","38.07"
"NOR","","ALL","2014","38.43"
"NOR","","ALL","2015","38.53"
"NOR","","ALL","2016","38.69"
"","NORDIC","ALL","1969","31.03"
"","NORDIC","ALL","1970","31.44"
"","NORDIC","ALL","1971","31.41"
"","NORDIC","ALL","1972","31.54"
"","NORDIC","ALL","1973","31.69"
"","NORDIC","ALL","1974","31.74"
"","NORDIC","ALL","1975","31.91"
"","NORDIC","ALL","1976","31.81"
"","NORDIC","ALL","1977","32.28"
"","NORDIC","ALL","1978","32.32"
"","NORDIC","ALL","1979","32.34"
"","NORDIC","ALL","1980","32.42"
"","NORDIC","ALL","1981","32.54"
"","NORDIC","ALL","1982","32.9"
"","NORDIC","ALL","1983","32.91"
"","NORDIC","ALL","1984","33.14"
"","NORDIC","ALL","1985","32.92"
"","NORDIC","ALL","1986","33.19"
"","NORDIC","ALL","1987","33.28"
"","NORDIC","ALL","1988","33.26"
"","NORDIC","ALL","1989","33.61"
"","NORDIC","ALL","1990","33.55"
"","NORDIC","ALL","1991","33.84"
"","NORDIC","ALL","1992","33.95"
"","NORDIC","ALL","1993","33.86"
"","NORDIC","ALL","1994","34.42"
"","NORDIC","ALL","1995","34.32"
"","NORDIC","ALL","1996","34.6"
"","NORDIC","ALL","1997","34.78"
"","NORDIC","ALL","1998","34.97"
"","NORDIC","ALL","1999","34.97"
"","NORDIC","ALL","2000","35.31"
"","NORDIC","ALL","2001","35.47"
"","NORDIC","ALL","2002","35.49"
"","NORDIC","ALL","2003","35.78"
"","NORDIC","ALL","2004","36.16"
"","NORDIC","ALL","2005","36.33"
"","NORDIC","ALL","2006","36.52"
"","NORDIC","ALL","2007","36.6"
"","NORDIC","ALL","2008","36.85"
"","NORDIC","ALL","2009","37.03"
"","NORDIC","ALL","2010","37.15"
"","NORDIC","ALL","2011","37.47"
"","NORDIC","ALL","2012","37.51"
"","NORDIC","ALL","2013","37.73"
"","NORDIC","ALL","2014","38.04"
"","NORDIC","ALL","2015","38"
"","NORDIC","ALL","2016","38.19"
"","NORDIC","ALL","2017","38.33"
"","NORDIC","ALL","2018","38.35"
"","NORDIC","ALL","2019","38.52"
"","NORDIC","ALL","2020","38.53"
"POL","","ALL","1969","30.14"
"POL","","ALL","1970","29.93"
"POL","","ALL","1971","29.69"
"POL","","ALL","1972","30.62"
"POL","","ALL","1973","30.39"
"POL","","ALL","1974","30.81"
"POL","","ALL","1975","30.49"
"POL","","ALL","1976","30.3"
"POL","","ALL","1977","30.26"
"POL","","ALL","1978","30.05"
"POL","","ALL","1979","30.31"
"POL","","ALL","1980","29.57"
"POL","","ALL","1981","30.35"
"POL","","ALL","1982","30.35"
"POL","","ALL","1983","30.09"
"POL","","ALL","1984","29.77"
"POL","","ALL","1985","29.38"
"POL","","ALL","1986","29.54"
"POL","","ALL","1987","29.55"
"POL","","ALL","1988","29.85"
"POL","","ALL","1989","29.72"
"POL","","ALL","1990","29.67"
"POL","","ALL","1991","29.33"
"POL","","ALL","1992","29.71"
"POL","","ALL","1993","29.91"
"POL","","ALL","1994","30.19"
"POL","","ALL","1995","30.28"
"POL","","ALL","1996","30.43"
"POL","","ALL","1997","30.66"
"POL","","ALL","1998","30.94"
"POL","","ALL","1999","30.91"
"POL","","ALL","2000","31.41"
"POL","","ALL","2001","31.74"
"POL","","ALL","2002","32.08"
"POL","","ALL","2003","32.05"
"POL","","ALL","2004","32.27"
"POL","","ALL","2005","32.39"
"POL","","ALL","2006","32.6"
"POL","","ALL","2007","32.68"
"POL","","ALL","2008","32.91"
"POL","","ALL","2009","33.04"
"POL","","ALL","2010","33.55"
"POL","","ALL","2011","33.92"
"POL","","ALL","2012","33.9"
"POL","","ALL","2013","34.08"
"POL","","ALL","2014","34.7"
"POL","","ALL","2015","34.39"
"POL","","ALL","2016","34.84"
"POL","","ALL","2017","34.68"
"POL","","ALL","2018","34.75"
"POL","","ALL","2019","34.89"
"POL","","ALL","2020","33.41"
"PRT","","ALL","1971","29.2"
"PRT","","ALL","1972","29.83"
"PRT","","ALL","1973","29.48"
"PRT","","ALL","1974","29.51"
"PRT","","ALL","1975","29.97"
"PRT","","ALL","1976","29.43"
"PRT","","ALL","1977","29.96"
"PRT","","ALL","1978","30.05"
"PRT","","ALL","1979","30.37"
"PRT","","ALL","1980","30.62"
"PRT","","ALL","1981","31.26"
"PRT","","ALL","1982","31.76"
"PRT","","ALL","1983","31.55"
"PRT","","ALL","1984","31.56"
"PRT","","ALL","1985","31.75"
"PRT","","ALL","1986","32.05"
"PRT","","ALL","1987","32.39"
"PRT","","ALL","1988","32.34"
"PRT","","ALL","1989","32.83"
"PRT","","ALL","1990","32.44"
"PRT","","ALL","1991","32.54"
"PRT","","ALL","1992","33.01"
"PRT","","ALL","1993","32.7"
"PRT","","ALL","1994","33.56"
"PRT","","ALL","1995","33.46"
"PRT","","ALL","1996","33.39"
"PRT","","ALL","1997","33.82"
"PRT","","ALL","1998","33.95"
"PRT","","ALL","1999","34.03"
"PRT","","ALL","2000","34.48"
"PRT","","ALL","2001","34.78"
"PRT","","ALL","2002","34.85"
"PRT","","ALL","2003","34.78"
"PRT","","ALL","2004","35.56"
"PRT","","ALL","2007","36.1"
"PRT","","ALL","2008","36.25"
"PRT","","ALL","2009","36.46"
"PRT","","ALL","2010","36.61"
"PRT","","ALL","2011","37.21"
"PRT","","ALL","2012","37.05"
"PRT","","ALL","2013","37.3"
"PRT","","ALL","2014","37.68"
"PRT","","ALL","2015","37.59"
"PRT","","ALL","2016","37.58"
"PRT","","ALL","2017","37.87"
"PRT","","ALL","2018","37.8"
"ROU","","ALL","1969","29.26"
"ROU","","ALL","1970","29.73"
"ROU","","ALL","1971","29.67"
"ROU","","ALL","1972","30.07"
"ROU","","ALL","1973","29.41"
"ROU","","ALL","1974","30.33"
"ROU","","ALL","1975","30.25"
"ROU","","ALL","1976","30"
"ROU","","ALL","1977","29.65"
"ROU","","ALL","1978","29.95"
"ROU","","ALL","1980","29.25"
"ROU","","ALL","1981","29.7"
"ROU","","ALL","1982","29.82"
"ROU","","ALL","1983","29.38"
"ROU","","ALL","1984","29.52"
"ROU","","ALL","1985","29.23"
"ROU","","ALL","1986","29.5"
"ROU","","ALL","1987","29.25"
"ROU","","ALL","1988","29.35"
"ROU","","ALL","1989","29.74"
"ROU","","ALL","1990","29.78"
"ROU","","ALL","1991","29.63"
"ROU","","ALL","1992","29.18"
"ROU","","ALL","1993","29.13"
"ROU","","ALL","1994","29.09"
"ROU","","ALL","1995","28.97"
"ROU","","ALL","1996","28.53"
"ROU","","ALL","1997","28.81"
"ROU","","ALL","1998","29.26"
"ROU","","ALL","1999","29.58"
"ROU","","ALL","2000","30.11"
"ROU","","ALL","2001","30.02"
"ROU","","ALL","2002","29.62"
"ROU","","ALL","2003","29.8"
"ROU","","ALL","2004","30.27"
"ROU","","ALL","2005","30.35"
"ROU","","ALL","2006","30.69"
"ROU","","ALL","2007","31.09"
"ROU","","ALL","2008","31.19"
"ROU","","ALL","2009","31.2"
"ROU","","ALL","2010","31.35"
"ROU","","ALL","2011","31.92"
"ROU","","ALL","2012","31.99"
"ROU","","ALL","2013","32.37"
"ROU","","ALL","2014","32.34"
"ROU","","ALL","2015","32.29"
"ROU","","ALL","2016","32.43"
"ROU","","ALL","2017","32.42"
"ROU","","ALL","2018","32.38"
"ROU","","ALL","2019","32.64"
"RUS","","ALL","1980","28.68"
"RUS","","ALL","1981","28.88"
"RUS","","ALL","1982","29.13"
"RUS","","ALL","1983","28.84"
"RUS","","ALL","1984","28.41"
"RUS","","ALL","1985","28.67"
"RUS","","ALL","1986","29.66"
"RUS","","ALL","1987","29.56"
"RUS","","ALL","1988","29.5"
"RUS","","ALL","1989","29.54"
"RUS","","ALL","1990","29.2"
"RUS","","ALL","1991","29.18"
"RUS","","ALL","1992","28.54"
"RUS","","ALL","1993","26.6"
"RUS","","ALL","1994","25.58"
"RUS","","ALL","1995","26.25"
"RUS","","ALL","1996","27.04"
"RUS","","ALL","1997","27.6"
"RUS","","ALL","1998","27.91"
"RUS","","ALL","1999","27.09"
"RUS","","ALL","2000","26.66"
"RUS","","ALL","2001","26.46"
"RUS","","ALL","2002","26.09"
"RUS","","ALL","2003","25.91"
"RUS","","ALL","2004","26.34"
"RUS","","ALL","2005","26.41"
"RUS","","ALL","2006","27.36"
"RUS","","ALL","2007","28.04"
"RUS","","ALL","2008","28.16"
"RUS","","ALL","2009","28.65"
"RUS","","ALL","2010","28.87"
"RUS","","ALL","2011","29.69"
"RUS","","ALL","2012","30.1"
"RUS","","ALL","2013","30.5"
"RUS","","ALL","2015","30.73"
"RUS","","ALL","2019","31.89"
"","SEEHN","ALL","1985","29.78"
"","SEEHN","ALL","1986","30.03"
"","SEEHN","ALL","1987","29.95"
"","SEEHN","ALL","1988","30.03"
"","SEEHN","ALL","1989","30.25"
"","SEEHN","ALL","1990","30.34"
"","SEEHN","ALL","1991","30.22"
"","SEEHN","ALL","1992","30.08"
"","SEEHN","ALL","1993","30.12"
"","SEEHN","ALL","1994","30.07"
"","SEEHN","ALL","1995","29.95"
"","SEEHN","ALL","1996","29.9"
"","SEEHN","ALL","1997","30.07"
"","SEEHN","ALL","1998","30.29"
"","SEEHN","ALL","1999","30.57"
"","SEEHN","ALL","2000","30.69"
"","SEEHN","ALL","2001","31"
"","SEEHN","ALL","2002","30.78"
"","SEEHN","ALL","2003","30.85"
"","SEEHN","ALL","2004","31.21"
"","SEEHN","ALL","2005","31.22"
"","SEEHN","ALL","2006","31.59"
"","SEEHN","ALL","2007","31.92"
"","SEEHN","ALL","2008","32.13"
"","SEEHN","ALL","2009","32.35"
"","SEEHN","ALL","2010","32.47"
"","SEEHN","ALL","2011","32.87"
"","SEEHN","ALL","2012","32.99"
"","SEEHN","ALL","2013","33.39"
"","SEEHN","ALL","2014","33.39"
"","SEEHN","ALL","2015","33.3"
"","SEEHN","ALL","2016","33.53"
"","SEEHN","ALL","2017","33.6"
"","SEEHN","ALL","2018","33.74"
"","SEEHN","ALL","2019","33.87"
"","SMALL","ALL","1985","33.42"
"","SMALL","ALL","1986","33.81"
"","SMALL","ALL","1987","33.77"
"","SMALL","ALL","1988","34.35"
"","SMALL","ALL","1989","34.42"
"","SMALL","ALL","1990","34.66"
"","SMALL","ALL","1991","34.1"
"","SMALL","ALL","1992","34.1"
"","SMALL","ALL","1993","34.2"
"","SMALL","ALL","1994","34.34"
"","SMALL","ALL","1995","34.24"
"","SMALL","ALL","1996","34.56"
"","SMALL","ALL","1997","34.39"
"","SMALL","ALL","1998","34.37"
"","SMALL","ALL","1999","34.33"
"","SMALL","ALL","2000","34.42"
"","SMALL","ALL","2001","34.96"
"","SMALL","ALL","2002","34.78"
"","SMALL","ALL","2003","34.73"
"","SMALL","ALL","2004","35.24"
"","SMALL","ALL","2005","35.28"
"","SMALL","ALL","2006","35.49"
"","SMALL","ALL","2007","35.75"
"","SMALL","ALL","2008","36.27"
"","SMALL","ALL","2009","36.48"
"","SMALL","ALL","2010","36.96"
"","SMALL","ALL","2011","36.85"
"","SMALL","ALL","2012","37.05"
"","SMALL","ALL","2013","37.43"
"","SMALL","ALL","2014","37.64"
"","SMALL","ALL","2015","37.5"
"","SMALL","ALL","2016","37.96"
"","SMALL","ALL","2017","37.84"
"","SMALL","ALL","2019","38.36"
"SMR","","ALL","1995","37.5"
"SMR","","ALL","1996","38.7"
"SMR","","ALL","1997","38.29"
"SMR","","ALL","1998","38.23"
"SMR","","ALL","1999","38.17"
"SMR","","ALL","2000","39.01"
"SMR","","ALL","2005","39"
"SRB","","ALL","1998","29.56"
"SRB","","ALL","1999","29.47"
"SRB","","ALL","2000","29.36"
"SRB","","ALL","2001","29.96"
"SRB","","ALL","2002","29.78"
"SRB","","ALL","2003","29.78"
"SRB","","ALL","2004","29.96"
"SRB","","ALL","2005","30.04"
"SRB","","ALL","2006","30.56"
"SRB","","ALL","2007","30.75"
"SRB","","ALL","2008","30.98"
"SRB","","ALL","2009","31.07"
"SRB","","ALL","2010","31.26"
"SRB","","ALL","2011","31.47"
"SRB","","ALL","2012","31.71"
"SRB","","ALL","2013","32.05"
"SRB","","ALL","2014","32.11"
"SRB","","ALL","2015","32.03"
"SRB","","ALL","2016","32.4"
"SRB","","ALL","2017","32.26"
"SRB","","ALL","2018","32.55"
"SRB","","ALL","2019","32.61"
"SRB","","ALL","2020","31.1"
"SRB","","ALL","2021","29.54"
"SVK","","ALL","1986","29.14"
"SVK","","ALL","1987","30.53"
"SVK","","ALL","1988","30.25"
"SVK","","ALL","1989","29.28"
"SVK","","ALL","1990","29.24"
"SVK","","ALL","1991","29.23"
"SVK","","ALL","1992","30.19"
"SVK","","ALL","1993","30.44"
"SVK","","ALL","1994","30.26"
"SVK","","ALL","1995","30.16"
"SVK","","ALL","1996","30.53"
"SVK","","ALL","1997","30.51"
"SVK","","ALL","1998","30.44"
"SVK","","ALL","1999","30.7"
"SVK","","ALL","2000","30.83"
"SVK","","ALL","2001","30.91"
"SVK","","ALL","2002","31.16"
"SVK","","ALL","2003","31.17"
"SVK","","ALL","2004","31.47"
"SVK","","ALL","2005","31.35"
"SVK","","ALL","2006","31.6"
"SVK","","ALL","2007","31.73"
"SVK","","ALL","2008","32.08"
"SVK","","ALL","2009","32.36"
"SVK","","ALL","2010","32.51"
"SVK","","ALL","2012","33.16"
"SVK","","ALL","2013","33.43"
"SVK","","ALL","2014","33.83"
"SVK","","ALL","2016","34.11"
"SVK","","ALL","2017","34.02"
"SVK","","ALL","2018","34.16"
"SVK","","ALL","2019","34.62"
"SVN","","ALL","1985","30.34"
"SVN","","ALL","1986","30.71"
"SVN","","ALL","1987","30.51"
"SVN","","ALL","1988","31"
"SVN","","ALL","1989","31.34"
"SVN","","ALL","1990","31.58"
"SVN","","ALL","1991","31.37"
"SVN","","ALL","1992","31.51"
"SVN","","ALL","1993","31.29"
"SVN","","ALL","1994","31.84"
"SVN","","ALL","1995","32.24"
"SVN","","ALL","1996","32.47"
"SVN","","ALL","1997","32.52"
"SVN","","ALL","1998","32.62"
"SVN","","ALL","1999","32.83"
"SVN","","ALL","2000","33.28"
"SVN","","ALL","2001","33.44"
"SVN","","ALL","2002","33.61"
"SVN","","ALL","2003","33.39"
"SVN","","ALL","2004","34.13"
"SVN","","ALL","2005","34.35"
"SVN","","ALL","2006","34.98"
"SVN","","ALL","2007","35.19"
"SVN","","ALL","2008","35.71"
"SVN","","ALL","2009","35.83"
"SVN","","ALL","2010","36.27"
"SVN","","ALL","2011","36.55"
"SVN","","ALL","2012","36.48"
"SVN","","ALL","2013","36.85"
"SVN","","ALL","2014","37.4"
"SVN","","ALL","2015","37.12"
"SVN","","ALL","2016","37.5"
"SVN","","ALL","2017","37.32"
"SVN","","ALL","2018","37.52"
"SVN","","ALL","2019","37.94"
"SVN","","ALL","2020","36.67"
"SWE","","ALL","1969","31.97"
"SWE","","ALL","1970","32.56"
"SWE","","ALL","1971","32.48"
"SWE","","ALL","1972","32.51"
"SWE","","ALL","1973","32.53"
"SWE","","ALL","1974","32.61"
"SWE","","ALL","1975","32.59"
"SWE","","ALL","1976","32.52"
"SWE","","ALL","1977","32.92"
"SWE","","ALL","1978","32.97"
"SWE","","ALL","1979","32.97"
"SWE","","ALL","1980","33.06"
"SWE","","ALL","1981","33.21"
"SWE","","ALL","1982","33.54"
"SWE","","ALL","1983","33.75"
"SWE","","ALL","1984","33.99"
"SWE","","ALL","1985","33.81"
"SWE","","ALL","1986","34.06"
"SWE","","ALL","1987","34.23"
"SWE","","ALL","1988","34.11"
"SWE","","ALL","1989","34.77"
"SWE","","ALL","1990","34.63"
"SWE","","ALL","1991","34.79"
"SWE","","ALL","1992","35"
"SWE","","ALL","1993","34.98"
"SWE","","ALL","1994","35.6"
"SWE","","ALL","1995","35.55"
"SWE","","ALL","1996","35.69"
"SWE","","ALL","1997","35.89"
"SWE","","ALL","1998","35.99"
"SWE","","ALL","1999","36"
"SWE","","ALL","2000","36.25"
"SWE","","ALL","2001","36.35"
"SWE","","ALL","2002","36.37"
"SWE","","ALL","2003","36.64"
"SWE","","ALL","2004","36.94"
"SWE","","ALL","2005","37.01"
"SWE","","ALL","2006","37.26"
"SWE","","ALL","2007","37.36"
"SWE","","ALL","2008","37.53"
"SWE","","ALL","2009","37.78"
"SWE","","ALL","2010","37.87"
"SWE","","ALL","2011","38.08"
"SWE","","ALL","2012","38"
"SWE","","ALL","2013","38.25"
"SWE","","ALL","2014","38.53"
"SWE","","ALL","2015","38.36"
"SWE","","ALL","2016","38.62"
"SWE","","ALL","2017","38.7"
"SWE","","ALL","2018","38.81"
"TJK","","ALL","1981","32.55"
"TJK","","ALL","1982","32.5"
"TJK","","ALL","1985","32.49"
"TJK","","ALL","1986","32.88"
"TJK","","ALL","1987","32.43"
"TJK","","ALL","1988","31.75"
"TJK","","ALL","1989","31.94"
"TJK","","ALL","1990","32.04"
"TJK","","ALL","1991","32.06"
"TJK","","ALL","1992","31.21"
"TJK","","ALL","1993","28.13"
"TJK","","ALL","1994","29.19"
"TJK","","ALL","1995","30.05"
"TJK","","ALL","1996","30.09"
"TJK","","ALL","1997","30.99"
"TJK","","ALL","1998","30.92"
"TJK","","ALL","1999","30.98"
"TJK","","ALL","2000","31.32"
"TJK","","ALL","2001","31.07"
"TJK","","ALL","2002","30.78"
"TJK","","ALL","2003","30.98"
"TJK","","ALL","2004","31.53"
"TJK","","ALL","2005","31.86"
"TJK","","ALL","2017","31.84"
"TKM","","ALL","1981","28.96"
"TKM","","ALL","1982","29.41"
"TKM","","ALL","1985","28.9"
"TKM","","ALL","1986","29.02"
"TKM","","ALL","1987","29.23"
"TKM","","ALL","1988","28.88"
"TKM","","ALL","1989","28.73"
"TKM","","ALL","1990","29.1"
"TKM","","ALL","1991","28.06"
"TKM","","ALL","1992","28.46"
"TKM","","ALL","1993","27.04"
"TKM","","ALL","1994","26.63"
"TKM","","ALL","1995","27.64"
"TKM","","ALL","1996","27.19"
"TKM","","ALL","1997","27.78"
"TKM","","ALL","1998","28.16"
"TKM","","ALL","1999","28.55"
"TKM","","ALL","2000","28.24"
"TKM","","ALL","2001","29.47"
"TKM","","ALL","2002","28.77"
"TKM","","ALL","2003","28.72"
"TKM","","ALL","2004","29.17"
"TKM","","ALL","2005","28.46"
"TKM","","ALL","2006","29.25"
"TKM","","ALL","2007","29.42"
"TKM","","ALL","2008","29.75"
"TKM","","ALL","2009","31.1"
"TKM","","ALL","2010","31.1"
"TKM","","ALL","2011","30.36"
"TKM","","ALL","2012","30.62"
"TKM","","ALL","2013","30.38"
"TUR","","ALL","2009","34.05"
"TUR","","ALL","2010","34.55"
"TUR","","ALL","2011","34.71"
"TUR","","ALL","2012","36.61"
"TUR","","ALL","2013","35.91"
"TUR","","ALL","2014","35.63"
"TUR","","ALL","2015","35.63"
"TUR","","ALL","2016","35.47"
"TUR","","ALL","2017","35.69"
"TUR","","ALL","2018","35.95"
"TUR","","ALL","2019","36.08"
"UKR","","ALL","1981","29.61"
"UKR","","ALL","1982","29.68"
"UKR","","ALL","1985","29.27"
"UKR","","ALL","1986","30.31"
"UKR","","ALL","1987","30.03"
"UKR","","ALL","1988","29.98"
"UKR","","ALL","1989","30.03"
"UKR","","ALL","1990","29.63"
"UKR","","ALL","1991","29.06"
"UKR","","ALL","1992","28.68"
"UKR","","ALL","1993","28.04"
"UKR","","ALL","1994","27.65"
"UKR","","ALL","1995","27.08"
"UKR","","ALL","1996","27.25"
"UKR","","ALL","1997","27.58"
"UKR","","ALL","1998","28.19"
"UKR","","ALL","1999","27.91"
"UKR","","ALL","2000","27.65"
"UKR","","ALL","2001","27.84"
"UKR","","ALL","2002","27.6"
"UKR","","ALL","2003","27.5"
"UKR","","ALL","2004","27.48"
"UKR","","ALL","2005","27.22"
"UKR","","ALL","2006","27.74"
"UKR","","ALL","2007","27.79"
"UKR","","ALL","2008","28"
"UKR","","ALL","2009","28.96"
"UKR","","ALL","2010","29.31"
"UKR","","ALL","2011","29.93"
"UKR","","ALL","2012","30.05"
"UKR","","ALL","2014","30.21"
"UKR","","ALL","2015","30.93"
"UKR","","ALL","2017","31.53"
"UKR","","ALL","2018","31.29"
"UKR","","ALL","2019","31.49"
"UZB","","ALL","1981","31.57"
"UZB","","ALL","1982","31.22"
"UZB","","ALL","1985","30.94"
"UZB","","ALL","1986","31.31"
"UZB","","ALL","1987","31.17"
"UZB","","ALL","1988","30.88"
"UZB","","ALL","1989","30.94"
"UZB","","ALL","1990","30.91"
"UZB","","ALL","1991","30.37"
"UZB","","ALL","1992","30.23"
"UZB","","ALL","1993","29.22"
"UZB","","ALL","1994","28.5"
"UZB","","ALL","1995","28.61"
"UZB","","ALL","1996","28.38"
"UZB","","ALL","1997","29.13"
"UZB","","ALL","1998","28.88"
"UZB","","ALL","1999","29.69"
"UZB","","ALL","2000","29.17"
"UZB","","ALL","2001","29.53"
"UZB","","ALL","2002","29.15"
"UZB","","ALL","2003","29.31"
"UZB","","ALL","2004","29.92"
"UZB","","ALL","2005","29.28"
"UZB","","ALL","2009","31.15"
"UZB","","ALL","2010","31.01"
"UZB","","ALL","2011","30.94"
"UZB","","ALL","2012","31.07"
"UZB","","ALL","2013","31.45"
"UZB","","ALL","2014","31.4"
"UZB","","ALL","2015","31.74"
"UZB","","ALL","2016","31.86"
"","WESTERN_BALKANS","ALL","1987","30.58"
"","WESTERN_BALKANS","ALL","1988","30.66"
"","WESTERN_BALKANS","ALL","1989","30.57"
"","WESTERN_BALKANS","ALL","1990","30.82"
"","WESTERN_BALKANS","ALL","1991","30.78"
"","WESTERN_BALKANS","ALL","1992","30.81"
"","WESTERN_BALKANS","ALL","1993","30.99"
"","WESTERN_BALKANS","ALL","1994","31.2"
"","WESTERN_BALKANS","ALL","1995","31.05"
"","WESTERN_BALKANS","ALL","1996","31.01"
"","WESTERN_BALKANS","ALL","1997","31.17"
"","WESTERN_BALKANS","ALL","1998","31.03"
"","WESTERN_BALKANS","ALL","1999","31.16"
"","WESTERN_BALKANS","ALL","2000","30.82"
"","WESTERN_BALKANS","ALL","2001","31.53"
"","WESTERN_BALKANS","ALL","2002","31.26"
"","WESTERN_BALKANS","ALL","2003","31.15"
"","WESTERN_BALKANS","ALL","2004","31.36"
"","WESTERN_BALKANS","ALL","2005","31.52"
"","WESTERN_BALKANS","ALL","2006","31.89"
"","WESTERN_BALKANS","ALL","2007","32.3"
"","WESTERN_BALKANS","ALL","2008","32.36"
"","WESTERN_BALKANS","ALL","2009","32.56"
"","WESTERN_BALKANS","ALL","2011","32.85"
"","WESTERN_BALKANS","ALL","2016","33.33"
"","WESTERN_BALKANS","ALL","2017","33.31"
"","WESTERN_BALKANS","ALL","2019","33.56"
"","WHO_EURO","ALL","1981","31.24"
"","WHO_EURO","ALL","1982","31.36"
"","WHO_EURO","ALL","1985","31.24"
"","WHO_EURO","ALL","1986","31.63"
"","WHO_EURO","ALL","1987","31.75"
"","WHO_EURO","ALL","1988","31.77"
"","WHO_EURO","ALL","1989","31.86"
"","WHO_EURO","ALL","1990","31.84"
"","WHO_EURO","ALL","1991","31.82"
"","WHO_EURO","ALL","1992","31.81"
"","WHO_EURO","ALL","1993","31.34"
"","WHO_EURO","ALL","1994","31.3"
"","WHO_EURO","ALL","1995","31.41"
"","WHO_EURO","ALL","1996","31.66"
"","WHO_EURO","ALL","1997","31.96"
"","WHO_EURO","ALL","1998","32.1"
"","WHO_EURO","ALL","1999","32.07"
"","WHO_EURO","ALL","2000","32.18"
"","WHO_EURO","ALL","2001","32.36"
"","WHO_EURO","ALL","2002","32.29"
"","WHO_EURO","ALL","2003","32.23"
"","WHO_EURO","ALL","2004","32.69"
"","WHO_EURO","ALL","2005","32.72"
"","WHO_EURO","ALL","2006","33.22"
"","WHO_EURO","ALL","2007","33.48"
"","WHO_EURO","ALL","2008","33.65"
"","WHO_EURO","ALL","2009","33.96"
"","WHO_EURO","ALL","2010","34.19"
"","WHO_EURO","ALL","2011","34.53"
"","WHO_EURO","ALL","2012","34.77"
"","WHO_EURO","ALL","2013","34.95"
"","WHO_EURO","ALL","2014","35.17"
"","WHO_EURO","ALL","2015","35.06"
"","WHO_EURO","ALL","2016","35.32"
"","WHO_EURO","ALL","2017","35.38"
"","WHO_EURO","ALL","2018","35.48"
"","WHO_EURO","ALL","2019","35.71"

"Last update","2023.10.04 16:16:05 GMT"
"Description","Life expectancy at age 45 (years), by sex"
"Reference link","https://dw.euro.who.int/api/v3/measures/HFA_52?lang=En"

"Copyright"
"© WHO Regional Office for Europe 2024. All rights reserved.","https://www.who.int/about/policies/publishing/copyright"
