"INDICATOR","HFA_36"

"HFA_36","Literacy rate (%) in population aged 15+ years, by sex"

"UNIT_TYPE","Unit"
"PERCENT","%"

"EXTERNID","ID in the originating data source"

"DATA_SOURCE","Data source"
"HFA","European Health for All database"

"DATA_TYPE_REPRESENTATION","Data type representation"
"RATIO","Ratio"

"DATA_SET","Data set"
"HFA","European Health for All database (WHO)"

"DATA_MASK","Mask for controlling the output format of values"

"SEX","Sex"
"FEMALE","Female"
"MALE","Male"
"ALL","All"

"COUNTRY","COUNTRY_GRP","SEX","YEAR","VALUE"
"ALB","","ALL","1970","51.5"
"ALB","","ALL","1975","59.2"
"ALB","","ALL","1980","66.1"
"ALB","","ALL","1985","71.7"
"ALB","","ALL","1990","77"
"ALB","","ALL","1992","85"
"ALB","","ALL","1993","85"
"ALB","","ALL","1994","85"
"ALB","","ALL","1995","81.2"
"ALB","","ALL","1997","85"
"ALB","","ALL","1998","83.5"
"ALB","","ALL","2001","98.71"
"ALB","","ALL","2008","95.94"
"ALB","","ALL","2011","96.85"
"ALB","","ALL","2012","97.25"
"ALB","","ALL","2018","98.14"
"ALB","","ALL","2021","98.45"
"ARM","","ALL","1970","91.6"
"ARM","","ALL","1975","94.7"
"ARM","","ALL","1980","95.9"
"ARM","","ALL","1985","96.8"
"ARM","","ALL","1989","98.8"
"ARM","","ALL","1990","97.5"
"ARM","","ALL","1992","98.8"
"ARM","","ALL","1993","98.8"
"ARM","","ALL","1994","98.8"
"ARM","","ALL","1995","98"
"ARM","","ALL","1997","98.8"
"ARM","","ALL","1998","98.2"
"ARM","","ALL","2001","99.4"
"ARM","","ALL","2011","99.74"
"ARM","","ALL","2016","99.74"
"ARM","","ALL","2017","99.74"
"ARM","","ALL","2020","99.79"
"AUT","","ALL","1980","100"
"AUT","","ALL","1985","99"
"AUT","","ALL","1990","99"
"AUT","","ALL","1991","99"
"AUT","","ALL","1992","99"
"AUT","","ALL","1993","99"
"AUT","","ALL","1994","99"
"AUT","","ALL","1995","99"
"AUT","","ALL","1997","99"
"AUT","","ALL","1998","99"
"AZE","","ALL","1989","97.3"
"AZE","","ALL","1990","97"
"AZE","","ALL","1991","97.3"
"AZE","","ALL","1992","96.3"
"AZE","","ALL","1993","96.3"
"AZE","","ALL","1994","96.3"
"AZE","","ALL","1995","96.3"
"AZE","","ALL","1997","96.3"
"AZE","","ALL","1998","99"
"AZE","","ALL","1999","98.79"
"AZE","","ALL","2007","99.6"
"AZE","","ALL","2009","99.76"
"AZE","","ALL","2010","99.77"
"AZE","","ALL","2011","99.78"
"AZE","","ALL","2012","99.78"
"AZE","","ALL","2013","99.79"
"AZE","","ALL","2014","99.79"
"AZE","","ALL","2015","99.79"
"AZE","","ALL","2016","99.79"
"AZE","","ALL","2017","99.79"
"AZE","","ALL","2019","99.8"
"BEL","","ALL","1981","100"
"BEL","","ALL","1984","99.5"
"BEL","","ALL","1985","99"
"BEL","","ALL","1990","99"
"BEL","","ALL","1992","99"
"BEL","","ALL","1993","99"
"BEL","","ALL","1994","99"
"BEL","","ALL","1995","99"
"BEL","","ALL","1997","99"
"BEL","","ALL","1998","99"
"BGR","","ALL","1970","92.4"
"BGR","","ALL","1975","93.7"
"BGR","","ALL","1980","95.1"
"BGR","","ALL","1984","100"
"BGR","","ALL","1985","96.3"
"BGR","","ALL","1990","97.2"
"BGR","","ALL","1995","97.9"
"BGR","","ALL","1997","98.2"
"BGR","","ALL","1998","98.2"
"BGR","","ALL","2001","98.2"
"BGR","","ALL","2011","98.35"
"BGR","","ALL","2021","98.42"
"BIH","","ALL","1981","85.5"
"BIH","","ALL","2000","96.66"
"BIH","","ALL","2011","98.14"
"BIH","","ALL","2013","96.99"
"BIH","","ALL","2021","98.1"
"BLR","","ALL","1970","98.7"
"BLR","","ALL","1975","98.9"
"BLR","","ALL","1980","99.2"
"BLR","","ALL","1985","99.3"
"BLR","","ALL","1989","97.9"
"BLR","","ALL","1990","99.5"
"BLR","","ALL","1992","97.9"
"BLR","","ALL","1993","97.9"
"BLR","","ALL","1994","97.9"
"BLR","","ALL","1995","99.6"
"BLR","","ALL","1997","99"
"BLR","","ALL","1998","99.5"
"BLR","","ALL","1999","99.59"
"BLR","","ALL","2009","99.62"
"BLR","","ALL","2018","99.76"
"BLR","","ALL","2019","99.87"
"","CARINFONET","ALL","1980","97.5"
"","CARINFONET","ALL","1985","98.1"
"","CARINFONET","ALL","1989","97.4"
"","CARINFONET","ALL","1990","98.5"
"","CARINFONET","ALL","1992","97.3"
"","CARINFONET","ALL","1993","97.3"
"","CARINFONET","ALL","1994","97.3"
"","CARINFONET","ALL","1995","98.8"
"","CARINFONET","ALL","1997","98.7"
"","CARINFONET","ALL","1998","98.7"
"","CARINFONET","ALL","2014","99.8"
"","CARINFONET","ALL","2018","99.9"
"CHE","","ALL","1980","100"
"CHE","","ALL","1983","100"
"CHE","","ALL","1985","99"
"CHE","","ALL","1986","100"
"CHE","","ALL","1990","99"
"CHE","","ALL","1992","99"
"CHE","","ALL","1993","99"
"CHE","","ALL","1994","99"
"CHE","","ALL","1995","99"
"CHE","","ALL","1997","99"
"CHE","","ALL","1998","99"
"","CIS","ALL","1980","98.5"
"","CIS","ALL","1985","98.8"
"","CIS","ALL","1989","97.9"
"","CIS","ALL","1990","99"
"","CIS","ALL","1992","97.9"
"","CIS","ALL","1993","97.6"
"","CIS","ALL","1994","98.4"
"","CIS","ALL","1995","99.2"
"","CIS","ALL","1997","98.9"
"","CIS","ALL","1998","99.3"
"CYP","","ALL","1970","83"
"CYP","","ALL","1980","90"
"CYP","","ALL","1990","94.3"
"CYP","","ALL","1992","94.4"
"CYP","","ALL","1995","96"
"CYP","","ALL","2001","96.8"
"CYP","","ALL","2011","98.68"
"CYP","","ALL","2021","99.36"
"CZE","","ALL","1970","98.9"
"CZE","","ALL","1980","99.1"
"CZE","","ALL","1991","98.6"
"CZE","","ALL","1992","99"
"CZE","","ALL","1993","99"
"CZE","","ALL","1994","99"
"CZE","","ALL","1995","99"
"CZE","","ALL","1997","99"
"CZE","","ALL","1998","99"
"DEU","","ALL","1992","99"
"DEU","","ALL","1993","99"
"DEU","","ALL","1994","99"
"DEU","","ALL","1995","99"
"DEU","","ALL","1997","99"
"DEU","","ALL","1998","99"
"DNK","","ALL","1980","100"
"DNK","","ALL","1983","100"
"DNK","","ALL","1985","99"
"DNK","","ALL","1986","100"
"DNK","","ALL","1990","99"
"DNK","","ALL","1992","99"
"DNK","","ALL","1993","99"
"DNK","","ALL","1994","99"
"DNK","","ALL","1995","99"
"DNK","","ALL","1997","99"
"DNK","","ALL","1998","99"
"ESP","","ALL","1970","91.5"
"ESP","","ALL","1975","92.9"
"ESP","","ALL","1980","94.3"
"ESP","","ALL","1981","92.8"
"ESP","","ALL","1985","95.3"
"ESP","","ALL","1986","95.8"
"ESP","","ALL","1990","96.3"
"ESP","","ALL","1991","96.5"
"ESP","","ALL","1992","98"
"ESP","","ALL","1993","99"
"ESP","","ALL","1994","97.1"
"ESP","","ALL","1995","97"
"ESP","","ALL","1997","97.2"
"ESP","","ALL","1998","97.4"
"ESP","","ALL","2004","97.17"
"ESP","","ALL","2005","97.75"
"ESP","","ALL","2007","97.94"
"ESP","","ALL","2008","97.63"
"ESP","","ALL","2009","97.68"
"ESP","","ALL","2010","97.75"
"ESP","","ALL","2011","97.78"
"ESP","","ALL","2012","97.89"
"ESP","","ALL","2013","98.08"
"ESP","","ALL","2014","98.09"
"ESP","","ALL","2015","98.14"
"ESP","","ALL","2016","98.25"
"ESP","","ALL","2018","98.44"
"ESP","","ALL","2020","98.59"
"EST","","ALL","1970","99.8"
"EST","","ALL","1975","99.8"
"EST","","ALL","1980","99.8"
"EST","","ALL","1985","99.8"
"EST","","ALL","1989","99.7"
"EST","","ALL","1990","99.8"
"EST","","ALL","1992","99"
"EST","","ALL","1993","99"
"EST","","ALL","1994","99"
"EST","","ALL","1995","99.8"
"EST","","ALL","1997","99"
"EST","","ALL","1998","99"
"EST","","ALL","2000","99.77"
"EST","","ALL","2011","99.89"
"EST","","ALL","2021","99.87"
"","EU_AFTER_MAY2004","ALL","1970","96.5"
"","EU_AFTER_MAY2004","ALL","1975","97.1"
"","EU_AFTER_MAY2004","ALL","1980","97.7"
"","EU_AFTER_MAY2004","ALL","1985","98.2"
"","EU_AFTER_MAY2004","ALL","1990","98.5"
"","EU_AFTER_MAY2004","ALL","1992","98.2"
"","EU_AFTER_MAY2004","ALL","1993","98.3"
"","EU_AFTER_MAY2004","ALL","1994","98.5"
"","EU_AFTER_MAY2004","ALL","1995","98.8"
"","EU_AFTER_MAY2004","ALL","1997","98.6"
"","EU_AFTER_MAY2004","ALL","1998","99"
"","EU_AFTER_MAY2004","ALL","2011","99.2"
"","EU_BEFORE_MAY2004","ALL","1980","97.8"
"","EU_BEFORE_MAY2004","ALL","1985","97.7"
"","EU_BEFORE_MAY2004","ALL","1990","98.1"
"","EU_BEFORE_MAY2004","ALL","1992","98.2"
"","EU_BEFORE_MAY2004","ALL","1993","98.3"
"","EU_BEFORE_MAY2004","ALL","1994","98.4"
"","EU_BEFORE_MAY2004","ALL","1995","98.4"
"","EU_BEFORE_MAY2004","ALL","1997","98.4"
"","EU_BEFORE_MAY2004","ALL","1998","98.5"
"","EU_MEMBERS","ALL","1970","96.5"
"","EU_MEMBERS","ALL","1975","97"
"","EU_MEMBERS","ALL","1980","97.5"
"","EU_MEMBERS","ALL","1985","97.7"
"","EU_MEMBERS","ALL","1990","98.1"
"","EU_MEMBERS","ALL","1992","98.1"
"","EU_MEMBERS","ALL","1993","98.2"
"","EU_MEMBERS","ALL","1994","98.3"
"","EU_MEMBERS","ALL","1995","98.4"
"","EU_MEMBERS","ALL","1997","98.4"
"","EU_MEMBERS","ALL","1998","98.5"
"","EU_BEFORE_FEB2020","ALL","1970","96.9"
"","EU_BEFORE_FEB2020","ALL","1975","97.3"
"","EU_BEFORE_FEB2020","ALL","1980","97.8"
"","EU_BEFORE_FEB2020","ALL","1985","97.8"
"","EU_BEFORE_FEB2020","ALL","1990","98.2"
"","EU_BEFORE_FEB2020","ALL","1992","98.2"
"","EU_BEFORE_FEB2020","ALL","1993","98.3"
"","EU_BEFORE_FEB2020","ALL","1994","98.4"
"","EU_BEFORE_FEB2020","ALL","1995","98.5"
"","EU_BEFORE_FEB2020","ALL","1997","98.5"
"","EU_BEFORE_FEB2020","ALL","1998","98.6"
"FIN","","ALL","1980","100"
"FIN","","ALL","1985","99"
"FIN","","ALL","1986","100"
"FIN","","ALL","1987","100"
"FIN","","ALL","1988","100"
"FIN","","ALL","1989","100"
"FIN","","ALL","1990","99"
"FIN","","ALL","1992","99"
"FIN","","ALL","1993","100"
"FIN","","ALL","1994","100"
"FIN","","ALL","1995","100"
"FIN","","ALL","1997","99"
"FIN","","ALL","1998","99"
"FRA","","ALL","1980","100"
"FRA","","ALL","1985","99"
"FRA","","ALL","1990","99"
"FRA","","ALL","1992","99"
"FRA","","ALL","1993","99"
"FRA","","ALL","1994","99"
"FRA","","ALL","1995","99"
"FRA","","ALL","1997","99"
"FRA","","ALL","1998","99"
"GBR","","ALL","1980","100"
"GBR","","ALL","1983","99.5"
"GBR","","ALL","1985","99"
"GBR","","ALL","1990","99"
"GBR","","ALL","1992","99"
"GBR","","ALL","1993","99"
"GBR","","ALL","1994","99"
"GBR","","ALL","1995","99"
"GBR","","ALL","1997","99"
"GBR","","ALL","1998","99"
"GEO","","ALL","1989","99"
"GEO","","ALL","1990","99"
"GEO","","ALL","1992","99"
"GEO","","ALL","1993","99"
"GEO","","ALL","1994","94.9"
"GEO","","ALL","1995","99"
"GEO","","ALL","1998","99"
"GEO","","ALL","2002","99.65"
"GEO","","ALL","2014","99.59"
"GEO","","ALL","2017","99.36"
"GEO","","ALL","2019","99.56"
"GRC","","ALL","1970","86.5"
"GRC","","ALL","1971","84.4"
"GRC","","ALL","1975","88.7"
"GRC","","ALL","1980","91.1"
"GRC","","ALL","1981","90.5"
"GRC","","ALL","1985","93.2"
"GRC","","ALL","1990","94.9"
"GRC","","ALL","1991","92.6"
"GRC","","ALL","1992","93.8"
"GRC","","ALL","1993","93.8"
"GRC","","ALL","1994","96.7"
"GRC","","ALL","1995","96.2"
"GRC","","ALL","1997","96.6"
"GRC","","ALL","1998","96.9"
"GRC","","ALL","2001","95.99"
"GRC","","ALL","2005","93.04"
"GRC","","ALL","2007","93.93"
"GRC","","ALL","2009","93.91"
"GRC","","ALL","2011","97.13"
"GRC","","ALL","2018","97.94"
"HRV","","ALL","1970","91.3"
"HRV","","ALL","1971","91"
"HRV","","ALL","1975","92.8"
"HRV","","ALL","1980","94.4"
"HRV","","ALL","1981","94.4"
"HRV","","ALL","1983","97"
"HRV","","ALL","1985","95.8"
"HRV","","ALL","1990","96.9"
"HRV","","ALL","1991","96.7"
"HRV","","ALL","1994","97"
"HRV","","ALL","1995","97.7"
"HRV","","ALL","1997","97.7"
"HRV","","ALL","1998","98"
"HRV","","ALL","2001","98.15"
"HRV","","ALL","2011","99.13"
"HRV","","ALL","2021","99.45"
"HUN","","ALL","1970","98.1"
"HUN","","ALL","1975","98.3"
"HUN","","ALL","1980","98.9"
"HUN","","ALL","1981","99"
"HUN","","ALL","1985","98.8"
"HUN","","ALL","1990","99.1"
"HUN","","ALL","1992","99"
"HUN","","ALL","1993","99"
"HUN","","ALL","1994","99"
"HUN","","ALL","1995","99.2"
"HUN","","ALL","1997","99"
"HUN","","ALL","1998","99.3"
"HUN","","ALL","2014","99.1"
"HUN","","ALL","2021","99.1"
"IRL","","ALL","1970","99.5"
"IRL","","ALL","1982","100"
"IRL","","ALL","1983","99.5"
"IRL","","ALL","1985","99"
"IRL","","ALL","1990","99"
"IRL","","ALL","1992","99"
"IRL","","ALL","1993","99"
"IRL","","ALL","1994","99"
"IRL","","ALL","1995","99"
"IRL","","ALL","1997","99"
"IRL","","ALL","1998","99"
"ISL","","ALL","1980","100"
"ISL","","ALL","1983","99.5"
"ISL","","ALL","1985","99"
"ISL","","ALL","1988","99"
"ISL","","ALL","1990","99"
"ISL","","ALL","1992","99"
"ISL","","ALL","1993","99"
"ISL","","ALL","1994","99"
"ISL","","ALL","1995","99"
"ISL","","ALL","1997","99"
"ISL","","ALL","1998","99"
"ISR","","ALL","1970","79.8"
"ISR","","ALL","1972","87.9"
"ISR","","ALL","1975","82.9"
"ISR","","ALL","1980","86.1"
"ISR","","ALL","1982","93"
"ISR","","ALL","1983","91.8"
"ISR","","ALL","1985","88.8"
"ISR","","ALL","1986","95.1"
"ISR","","ALL","1987","95.2"
"ISR","","ALL","1988","95.6"
"ISR","","ALL","1989","94.2"
"ISR","","ALL","1990","91"
"ISR","","ALL","1991","94.7"
"ISR","","ALL","1992","94.8"
"ISR","","ALL","1993","95.2"
"ISR","","ALL","1994","95.5"
"ISR","","ALL","1995","93.3"
"ISR","","ALL","1997","95.4"
"ISR","","ALL","1998","95.7"
"ITA","","ALL","1970","94.5"
"ITA","","ALL","1971","93.9"
"ITA","","ALL","1975","95.3"
"ITA","","ALL","1980","96.2"
"ITA","","ALL","1981","96.5"
"ITA","","ALL","1985","97.1"
"ITA","","ALL","1990","98"
"ITA","","ALL","1992","97.4"
"ITA","","ALL","1993","97.4"
"ITA","","ALL","1994","98.1"
"ITA","","ALL","1995","98.2"
"ITA","","ALL","1997","98.3"
"ITA","","ALL","1998","98.3"
"ITA","","ALL","2001","98.42"
"ITA","","ALL","2011","98.85"
"ITA","","ALL","2018","99.16"
"ITA","","ALL","2019","99.35"
"KAZ","","ALL","1970","95.8"
"KAZ","","ALL","1975","96.8"
"KAZ","","ALL","1980","97.7"
"KAZ","","ALL","1985","98.4"
"KAZ","","ALL","1989","97.5"
"KAZ","","ALL","1990","99"
"KAZ","","ALL","1992","97.5"
"KAZ","","ALL","1993","97.5"
"KAZ","","ALL","1994","97.5"
"KAZ","","ALL","1995","99.2"
"KAZ","","ALL","1997","99"
"KAZ","","ALL","1998","99"
"KAZ","","ALL","1999","99.51"
"KAZ","","ALL","2009","99.73"
"KAZ","","ALL","2010","99.78"
"KAZ","","ALL","2018","99.78"
"KAZ","","ALL","2020","99.8"
"KGZ","","ALL","1989","97"
"KGZ","","ALL","1990","97"
"KGZ","","ALL","1991","97"
"KGZ","","ALL","1992","97"
"KGZ","","ALL","1993","97"
"KGZ","","ALL","1994","97"
"KGZ","","ALL","1995","97"
"KGZ","","ALL","1997","97"
"KGZ","","ALL","1998","97"
"KGZ","","ALL","1999","98.7"
"KGZ","","ALL","2009","99.24"
"KGZ","","ALL","2018","99.59"
"KGZ","","ALL","2019","99.6"
"LTU","","ALL","1970","98.3"
"LTU","","ALL","1975","98.6"
"LTU","","ALL","1980","98.9"
"LTU","","ALL","1985","99.1"
"LTU","","ALL","1989","98.4"
"LTU","","ALL","1990","99.3"
"LTU","","ALL","1992","98.4"
"LTU","","ALL","1993","98.4"
"LTU","","ALL","1994","98.4"
"LTU","","ALL","1995","99"
"LTU","","ALL","1997","99"
"LTU","","ALL","1998","99.5"
"LTU","","ALL","2001","99.65"
"LTU","","ALL","2011","99.82"
"LTU","","ALL","2021","99.83"
"LUX","","ALL","1980","100"
"LUX","","ALL","1985","99"
"LUX","","ALL","1990","99"
"LUX","","ALL","1992","99"
"LUX","","ALL","1993","99"
"LUX","","ALL","1994","99"
"LUX","","ALL","1995","99"
"LUX","","ALL","1997","99"
"LUX","","ALL","1998","99"
"LVA","","ALL","1970","99.8"
"LVA","","ALL","1975","99.8"
"LVA","","ALL","1980","99.8"
"LVA","","ALL","1985","99.8"
"LVA","","ALL","1989","99.5"
"LVA","","ALL","1990","99.8"
"LVA","","ALL","1992","99"
"LVA","","ALL","1993","99"
"LVA","","ALL","1994","99"
"LVA","","ALL","1995","99.8"
"LVA","","ALL","1997","99"
"LVA","","ALL","1998","99.8"
"LVA","","ALL","2000","99.75"
"LVA","","ALL","2011","99.9"
"LVA","","ALL","2018","99.89"
"LVA","","ALL","2021","99.89"
"MCO","","ALL","1980","100"
"MCO","","ALL","1983","100"
"MCO","","ALL","1995","100"
"MDA","","ALL","1970","91"
"MDA","","ALL","1975","93.1"
"MDA","","ALL","1980","94.9"
"MDA","","ALL","1985","96.4"
"MDA","","ALL","1989","96.4"
"MDA","","ALL","1990","97.5"
"MDA","","ALL","1992","96"
"MDA","","ALL","1993","96.4"
"MDA","","ALL","1994","98.9"
"MDA","","ALL","1995","98.3"
"MDA","","ALL","1997","98.3"
"MDA","","ALL","1998","98.6"
"MDA","","ALL","2000","96.65"
"MDA","","ALL","2012","99.14"
"MDA","","ALL","2014","99.36"
"MDA","","ALL","2021","99.6"
"MKD","","ALL","1982","100"
"MKD","","ALL","1984","99"
"MKD","","ALL","1989","99"
"MKD","","ALL","1990","93.7"
"MKD","","ALL","1994","94.1"
"MKD","","ALL","1995","94"
"MKD","","ALL","1997","94"
"MKD","","ALL","1998","94.6"
"MKD","","ALL","2012","97.6"
"MKD","","ALL","2014","97.8"
"MLT","","ALL","1970","77.6"
"MLT","","ALL","1975","80.4"
"MLT","","ALL","1980","83.4"
"MLT","","ALL","1983","90"
"MLT","","ALL","1985","88"
"MLT","","ALL","1990","88.4"
"MLT","","ALL","1992","87"
"MLT","","ALL","1993","87"
"MLT","","ALL","1994","86"
"MLT","","ALL","1995","87.9"
"MLT","","ALL","1997","91.1"
"MLT","","ALL","1998","91.5"
"MLT","","ALL","2005","92.36"
"MLT","","ALL","2011","93.31"
"MLT","","ALL","2018","94.5"
"MLT","","ALL","2021","94.94"
"MNE","","ALL","2003","97.77"
"MNE","","ALL","2011","98.44"
"MNE","","ALL","2018","98.85"
"MNE","","ALL","2021","98.98"
"NLD","","ALL","1980","100"
"NLD","","ALL","1985","99"
"NLD","","ALL","1992","99"
"NLD","","ALL","1993","99"
"NLD","","ALL","1994","99"
"NLD","","ALL","1995","99"
"NLD","","ALL","1997","99"
"NLD","","ALL","1998","99"
"NOR","","ALL","1980","99.9"
"NOR","","ALL","1985","99"
"NOR","","ALL","1987","99.9"
"NOR","","ALL","1990","99"
"NOR","","ALL","1992","99"
"NOR","","ALL","1993","99"
"NOR","","ALL","1994","99"
"NOR","","ALL","1995","99"
"NOR","","ALL","1997","99"
"NOR","","ALL","1998","99"
"","NORDIC","ALL","1980","100"
"","NORDIC","ALL","1983","99.7"
"","NORDIC","ALL","1985","99"
"","NORDIC","ALL","1990","99"
"","NORDIC","ALL","1992","99"
"","NORDIC","ALL","1993","99.2"
"","NORDIC","ALL","1994","99.2"
"","NORDIC","ALL","1995","99.2"
"","NORDIC","ALL","1997","99"
"","NORDIC","ALL","1998","99"
"POL","","ALL","1970","98.2"
"POL","","ALL","1975","98.6"
"POL","","ALL","1978","98.7"
"POL","","ALL","1980","99.1"
"POL","","ALL","1983","99"
"POL","","ALL","1985","99.4"
"POL","","ALL","1986","99"
"POL","","ALL","1990","99.6"
"POL","","ALL","1992","99"
"POL","","ALL","1993","99"
"POL","","ALL","1994","99.4"
"POL","","ALL","1995","99.7"
"POL","","ALL","1997","99"
"POL","","ALL","1998","99.7"
"POL","","ALL","2021","99.8"
"PRT","","ALL","1970","73.7"
"PRT","","ALL","1975","77.5"
"PRT","","ALL","1980","81.8"
"PRT","","ALL","1981","79.4"
"PRT","","ALL","1985","84.4"
"PRT","","ALL","1990","87.2"
"PRT","","ALL","1991","87.9"
"PRT","","ALL","1992","86.2"
"PRT","","ALL","1993","86.2"
"PRT","","ALL","1994","89.6"
"PRT","","ALL","1995","89.9"
"PRT","","ALL","1997","90.8"
"PRT","","ALL","1998","91.4"
"PRT","","ALL","2011","94.48"
"PRT","","ALL","2018","96.14"
"PRT","","ALL","2021","96.78"
"ROU","","ALL","1970","93.4"
"ROU","","ALL","1975","94.4"
"ROU","","ALL","1980","95.5"
"ROU","","ALL","1983","100"
"ROU","","ALL","1985","96.3"
"ROU","","ALL","1990","97.1"
"ROU","","ALL","1992","96.7"
"ROU","","ALL","1993","96.9"
"ROU","","ALL","1994","96.9"
"ROU","","ALL","1995","97.6"
"ROU","","ALL","1997","97.8"
"ROU","","ALL","1998","97.9"
"ROU","","ALL","2002","97.3"
"ROU","","ALL","2011","98.6"
"ROU","","ALL","2018","98.84"
"ROU","","ALL","2021","98.9"
"RUS","","ALL","1970","98.2"
"RUS","","ALL","1975","98.5"
"RUS","","ALL","1980","98.8"
"RUS","","ALL","1985","99"
"RUS","","ALL","1989","98"
"RUS","","ALL","1990","99.2"
"RUS","","ALL","1992","98.7"
"RUS","","ALL","1993","98.7"
"RUS","","ALL","1994","98.7"
"RUS","","ALL","1995","99.4"
"RUS","","ALL","1997","99"
"RUS","","ALL","1998","99.5"
"RUS","","ALL","2002","99.44"
"RUS","","ALL","2010","99.68"
"RUS","","ALL","2018","99.73"
"RUS","","ALL","2020","99.7"
"","SEEHN","ALL","1970","90.9"
"","SEEHN","ALL","1975","92"
"","SEEHN","ALL","1980","93.1"
"","SEEHN","ALL","1985","94.2"
"","SEEHN","ALL","1990","95.1"
"","SEEHN","ALL","1994","96.2"
"","SEEHN","ALL","1995","96"
"","SEEHN","ALL","1997","96.6"
"","SEEHN","ALL","1998","96.7"
"","SEEHN","ALL","2011","97.9"
"","SMALL","ALL","1980","94.3"
"","SMALL","ALL","1983","95.4"
"","SMALL","ALL","1985","95.2"
"","SMALL","ALL","1990","95.8"
"","SMALL","ALL","1992","95.6"
"","SMALL","ALL","1995","96.1"
"SMR","","ALL","1976","96.1"
"SMR","","ALL","1980","96.7"
"SMR","","ALL","1981","96.9"
"SMR","","ALL","1982","97.1"
"SMR","","ALL","1983","97.3"
"SMR","","ALL","1984","97.6"
"SMR","","ALL","1985","97.7"
"SMR","","ALL","1986","97.9"
"SMR","","ALL","1987","98"
"SMR","","ALL","1988","98.2"
"SMR","","ALL","1989","98.4"
"SMR","","ALL","1990","98.6"
"SMR","","ALL","2018","99.92"
"SRB","","ALL","2011","97.96"
"SRB","","ALL","2016","98.84"
"SRB","","ALL","2018","98.29"
"SRB","","ALL","2019","99.48"
"SVK","","ALL","1980","99.25"
"SVK","","ALL","1991","99"
"SVK","","ALL","1993","99"
"SVK","","ALL","1994","99"
"SVK","","ALL","1995","99"
"SVK","","ALL","1997","99"
"SVK","","ALL","1998","99"
"SVN","","ALL","1970","99.3"
"SVN","","ALL","1975","99.4"
"SVN","","ALL","1980","99.5"
"SVN","","ALL","1981","99.4"
"SVN","","ALL","1985","99.5"
"SVN","","ALL","1990","99.6"
"SVN","","ALL","1991","99.5"
"SVN","","ALL","1995","99.6"
"SVN","","ALL","1997","99"
"SVN","","ALL","1998","99.6"
"SVN","","ALL","2014","99.7"
"SWE","","ALL","1980","100"
"SWE","","ALL","1983","100"
"SWE","","ALL","1985","99"
"SWE","","ALL","1990","99"
"SWE","","ALL","1992","99"
"SWE","","ALL","1993","99"
"SWE","","ALL","1994","99"
"SWE","","ALL","1995","99"
"SWE","","ALL","1997","99"
"SWE","","ALL","1998","99"
"TJK","","ALL","1970","90.7"
"TJK","","ALL","1975","93.4"
"TJK","","ALL","1980","95.7"
"TJK","","ALL","1985","97.2"
"TJK","","ALL","1989","97.7"
"TJK","","ALL","1990","98.2"
"TJK","","ALL","1992","96.7"
"TJK","","ALL","1993","96.7"
"TJK","","ALL","1994","96.7"
"TJK","","ALL","1995","98.8"
"TJK","","ALL","1997","98.9"
"TJK","","ALL","1998","99"
"TJK","","ALL","2000","99.45"
"TJK","","ALL","2014","99.8"
"TKM","","ALL","1989","97.7"
"TKM","","ALL","1990","98"
"TKM","","ALL","1992","97.7"
"TKM","","ALL","1993","97.7"
"TKM","","ALL","1994","97.7"
"TKM","","ALL","1995","98.8"
"TKM","","ALL","1997","98"
"TKM","","ALL","1998","98"
"TKM","","ALL","2014","99.7"
"TUR","","ALL","1970","56.5"
"TUR","","ALL","1975","61.6"
"TUR","","ALL","1980","65.7"
"TUR","","ALL","1984","74.2"
"TUR","","ALL","1985","76"
"TUR","","ALL","1990","79.2"
"TUR","","ALL","1992","80.5"
"TUR","","ALL","1993","81.1"
"TUR","","ALL","1994","81.6"
"TUR","","ALL","1995","81.8"
"TUR","","ALL","1997","83.2"
"TUR","","ALL","1998","84"
"TUR","","ALL","2004","87.37"
"TUR","","ALL","2005","88.23"
"TUR","","ALL","2006","88.12"
"TUR","","ALL","2007","88.66"
"TUR","","ALL","2009","90.82"
"TUR","","ALL","2010","92.66"
"TUR","","ALL","2011","94.11"
"TUR","","ALL","2012","94.92"
"TUR","","ALL","2013","95.26"
"TUR","","ALL","2014","95.44"
"TUR","","ALL","2015","95.6"
"TUR","","ALL","2016","96.17"
"TUR","","ALL","2017","96.15"
"TUR","","ALL","2019","96.74"
"UKR","","ALL","1970","98.7"
"UKR","","ALL","1975","99"
"UKR","","ALL","1980","99.1"
"UKR","","ALL","1985","99.3"
"UKR","","ALL","1989","98.4"
"UKR","","ALL","1990","99.4"
"UKR","","ALL","1993","95"
"UKR","","ALL","1994","98.8"
"UKR","","ALL","1995","99.5"
"UKR","","ALL","1997","99"
"UKR","","ALL","1998","99.6"
"UKR","","ALL","2001","99.43"
"UKR","","ALL","2012","99.97"
"UKR","","ALL","2021","100"
"UZB","","ALL","1970","96.7"
"UZB","","ALL","1975","97.3"
"UZB","","ALL","1980","97.8"
"UZB","","ALL","1985","98.3"
"UZB","","ALL","1989","97.2"
"UZB","","ALL","1990","98.7"
"UZB","","ALL","1992","97.2"
"UZB","","ALL","1993","97.2"
"UZB","","ALL","1994","97.2"
"UZB","","ALL","1995","98.9"
"UZB","","ALL","1997","99"
"UZB","","ALL","2000","98.64"
"UZB","","ALL","2013","99.99"
"UZB","","ALL","2014","99.98"
"UZB","","ALL","2015","99.98"
"UZB","","ALL","2016","99.99"
"UZB","","ALL","2018","99.99"
"UZB","","ALL","2019","100"
"UZB","","ALL","2021","100"
"","WESTERN_BALKANS","ALL","2011","97.8"
"","WESTERN_BALKANS","ALL","2018","98.1"
"","WHO_EURO","ALL","1970","95.1"
"","WHO_EURO","ALL","1980","96.1"
"","WHO_EURO","ALL","1985","96.6"
"","WHO_EURO","ALL","1990","97.1"
"","WHO_EURO","ALL","1992","96.8"
"","WHO_EURO","ALL","1993","96.8"
"","WHO_EURO","ALL","1994","97.1"
"","WHO_EURO","ALL","1995","97.4"
"","WHO_EURO","ALL","1997","97.4"
"","WHO_EURO","ALL","1998","97.7"

"Last update","2023.10.04 16:15:56 GMT"
"Description","Literacy rate (%) in population aged 15+ years, by sex"
"Reference link","https://dw.euro.who.int/api/v3/measures/HFA_36?lang=En"

"Copyright"
"© WHO Regional Office for Europe 2024. All rights reserved.","https://www.who.int/about/policies/publishing/copyright"
