"INDICATOR","HFA_296"

"HFA_296","Selected smoking-related causes, per 100 000, by sex (age-standardized death rate)"

"UNIT_TYPE","Unit"
"DTH_100K","deaths per 100 000"

"EXTERNID","ID in the originating data source"

"DATA_SOURCE","Data source"
"HFA","European Health for All database"

"DATA_TYPE_REPRESENTATION","Data type representation"
"RATE","Rate"

"DATA_SET","Data set"
"HFA","European Health for All database (WHO)"

"DATA_MASK","Mask for controlling the output format of values"

"SEX","Sex"
"FEMALE","Female"
"MALE","Male"
"ALL","All"

"COUNTRY","COUNTRY_GRP","SEX","YEAR","VALUE"
"ALB","","ALL","1987","263.11"
"ALB","","ALL","1988","278.6"
"ALB","","ALL","1989","277.08"
"ALB","","ALL","1992","250.01"
"ALB","","ALL","1993","231.21"
"ALB","","ALL","1994","205.96"
"ALB","","ALL","1995","267.09"
"ALB","","ALL","1996","301.83"
"ALB","","ALL","1997","283.69"
"ALB","","ALL","1998","312.53"
"ALB","","ALL","1999","306.49"
"ALB","","ALL","2000","347.78"
"ALB","","ALL","2001","262.43"
"ALB","","ALL","2002","307"
"ALB","","ALL","2003","342.84"
"ALB","","ALL","2004","324.09"
"ALB","","ALL","2005","297.36"
"ALB","","ALL","2006","283.26"
"ALB","","ALL","2007","244.17"
"ALB","","ALL","2008","290.78"
"ALB","","ALL","2009","287.12"
"ARM","","ALL","1991","609.51"
"ARM","","ALL","1992","647.17"
"ARM","","ALL","1993","730.6"
"ARM","","ALL","1994","650.47"
"ARM","","ALL","1995","685"
"ARM","","ALL","1996","680.99"
"ARM","","ALL","1997","650.03"
"ARM","","ALL","1998","603.76"
"ARM","","ALL","1999","636.02"
"ARM","","ALL","2000","604.04"
"ARM","","ALL","2001","606.64"
"ARM","","ALL","2002","660.6"
"ARM","","ALL","2003","653.2"
"ARM","","ALL","2012","442.22"
"ARM","","ALL","2013","427.23"
"ARM","","ALL","2014","436.3"
"ARM","","ALL","2015","414.53"
"ARM","","ALL","2016","416.04"
"ARM","","ALL","2017","372.91"
"ARM","","ALL","2018","292.67"
"ARM","","ALL","2019","299.41"
"AUT","","ALL","1980","365.02"
"AUT","","ALL","1981","376.88"
"AUT","","ALL","1982","365.76"
"AUT","","ALL","1983","385.65"
"AUT","","ALL","1984","367.19"
"AUT","","ALL","1985","370.6"
"AUT","","ALL","1986","358.12"
"AUT","","ALL","1987","346.01"
"AUT","","ALL","1988","325.39"
"AUT","","ALL","1989","320.4"
"AUT","","ALL","1990","319.71"
"AUT","","ALL","1991","323.91"
"AUT","","ALL","1992","310.81"
"AUT","","ALL","1993","306.62"
"AUT","","ALL","1994","295.83"
"AUT","","ALL","1995","296.64"
"AUT","","ALL","1996","296.85"
"AUT","","ALL","1997","291.14"
"AUT","","ALL","1998","289.25"
"AUT","","ALL","1999","281.52"
"AUT","","ALL","2000","265.64"
"AUT","","ALL","2001","251.4"
"AUT","","ALL","2002","257"
"AUT","","ALL","2003","248.07"
"AUT","","ALL","2004","223.12"
"AUT","","ALL","2005","214.77"
"AUT","","ALL","2006","208.77"
"AUT","","ALL","2007","203.01"
"AUT","","ALL","2008","192.47"
"AUT","","ALL","2009","190.48"
"AUT","","ALL","2010","186.62"
"AUT","","ALL","2011","177.75"
"AUT","","ALL","2012","179.68"
"AUT","","ALL","2013","176.47"
"AUT","","ALL","2014","168.51"
"AUT","","ALL","2015","171.79"
"AUT","","ALL","2016","162.71"
"AUT","","ALL","2017","161.07"
"AUT","","ALL","2018","158.92"
"AUT","","ALL","2019","154.07"
"AUT","","ALL","2020","152.26"
"AUT","","ALL","2021","142.59"
"AZE","","ALL","1991","615.46"
"AZE","","ALL","1992","655.7"
"AZE","","ALL","1993","697.81"
"AZE","","ALL","1994","601.37"
"AZE","","ALL","1995","647.92"
"AZE","","ALL","1996","627.98"
"AZE","","ALL","1997","606.01"
"AZE","","ALL","1998","608.89"
"AZE","","ALL","1999","634.58"
"AZE","","ALL","2000","638.9"
"AZE","","ALL","2007","325.05"
"BEL","","ALL","1979","324.19"
"BEL","","ALL","1980","324.11"
"BEL","","ALL","1981","319.52"
"BEL","","ALL","1982","316.89"
"BEL","","ALL","1983","321.32"
"BEL","","ALL","1984","308.07"
"BEL","","ALL","1985","300.69"
"BEL","","ALL","1986","290.21"
"BEL","","ALL","1987","270.99"
"BEL","","ALL","1988","265.87"
"BEL","","ALL","1989","259.82"
"BEL","","ALL","1990","251.62"
"BEL","","ALL","1991","245.64"
"BEL","","ALL","1992","242.34"
"BEL","","ALL","1993","261.9"
"BEL","","ALL","1994","246.62"
"BEL","","ALL","1995","248.18"
"BEL","","ALL","1996","242.58"
"BEL","","ALL","1997","240.14"
"BEL","","ALL","1998","236.39"
"BEL","","ALL","1999","222.43"
"BEL","","ALL","2000","224.52"
"BEL","","ALL","2001","215.83"
"BEL","","ALL","2002","214.55"
"BEL","","ALL","2003","211.05"
"BEL","","ALL","2004","198.87"
"BEL","","ALL","2005","194.84"
"BEL","","ALL","2006","179.27"
"BEL","","ALL","2007","176.5"
"BEL","","ALL","2008","172.6"
"BEL","","ALL","2009","165.36"
"BEL","","ALL","2010","160.85"
"BEL","","ALL","2011","151.87"
"BEL","","ALL","2012","148.36"
"BEL","","ALL","2013","145.27"
"BEL","","ALL","2014","136.85"
"BEL","","ALL","2015","135.88"
"BEL","","ALL","2016","129.8"
"BEL","","ALL","2017","124.26"
"BEL","","ALL","2018","120.27"
"BGR","","ALL","1980","547.02"
"BGR","","ALL","1981","482.79"
"BGR","","ALL","1982","513.37"
"BGR","","ALL","1983","509.3"
"BGR","","ALL","1984","523.53"
"BGR","","ALL","1985","570.34"
"BGR","","ALL","1986","557.08"
"BGR","","ALL","1987","524.56"
"BGR","","ALL","1988","513.28"
"BGR","","ALL","1989","516.03"
"BGR","","ALL","1990","517.9"
"BGR","","ALL","1991","530.5"
"BGR","","ALL","1992","515.71"
"BGR","","ALL","1993","542.22"
"BGR","","ALL","1994","523.41"
"BGR","","ALL","1995","511.03"
"BGR","","ALL","1996","495.6"
"BGR","","ALL","1997","516.04"
"BGR","","ALL","1998","511.74"
"BGR","","ALL","1999","460.53"
"BGR","","ALL","2000","450.21"
"BGR","","ALL","2001","434.16"
"BGR","","ALL","2002","447.01"
"BGR","","ALL","2003","428.76"
"BGR","","ALL","2004","407.2"
"BGR","","ALL","2005","421.28"
"BGR","","ALL","2006","405.36"
"BGR","","ALL","2007","391.67"
"BGR","","ALL","2008","372.48"
"BGR","","ALL","2009","345.14"
"BGR","","ALL","2010","345.25"
"BGR","","ALL","2011","320.15"
"BGR","","ALL","2012","339.18"
"BGR","","ALL","2013","316.66"
"BGR","","ALL","2014","328.01"
"BGR","","ALL","2015","319.77"
"BGR","","ALL","2016","295.99"
"BGR","","ALL","2017","301.41"
"BGR","","ALL","2018","297.08"
"BGR","","ALL","2019","304.14"
"BGR","","ALL","2020","330"
"BIH","","ALL","1985","269.28"
"BIH","","ALL","1986","272.83"
"BIH","","ALL","1987","289.22"
"BIH","","ALL","1988","302.09"
"BIH","","ALL","1989","307.1"
"BIH","","ALL","1990","308.28"
"BIH","","ALL","1991","322.02"
"BIH","","ALL","2011","237.46"
"BIH","","ALL","2014","226.41"
"BIH","","ALL","2016","267.92"
"BLR","","ALL","1991","570.75"
"BLR","","ALL","1992","569.52"
"BLR","","ALL","1993","647.23"
"BLR","","ALL","1994","651.49"
"BLR","","ALL","1995","661.34"
"BLR","","ALL","1996","752.26"
"BLR","","ALL","1997","680.93"
"BLR","","ALL","1998","696.62"
"BLR","","ALL","1999","737.14"
"BLR","","ALL","2000","700.35"
"BLR","","ALL","2001","730.53"
"BLR","","ALL","2018","506.89"
"","CARINFONET","ALL","1991","630.83"
"","CARINFONET","ALL","1992","645.31"
"","CARINFONET","ALL","1993","709.8"
"","CARINFONET","ALL","1994","761.66"
"","CARINFONET","ALL","1995","742.79"
"","CARINFONET","ALL","1996","721.75"
"","CARINFONET","ALL","1997","666.15"
"","CARINFONET","ALL","1998","678.33"
"","CARINFONET","ALL","1999","629.72"
"","CARINFONET","ALL","2000","677.92"
"","CARINFONET","ALL","2001","658.96"
"","CARINFONET","ALL","2002","658.89"
"","CARINFONET","ALL","2003","651.8"
"","CARINFONET","ALL","2004","599.88"
"","CARINFONET","ALL","2005","598.58"
"","CARINFONET","ALL","2013","463.4"
"","CARINFONET","ALL","2014","440.57"
"","CARINFONET","ALL","2015","422.58"
"","CARINFONET","ALL","2016","401.95"
"CHE","","ALL","1995","211.42"
"CHE","","ALL","1996","203.87"
"CHE","","ALL","1997","203.69"
"CHE","","ALL","1998","200.97"
"CHE","","ALL","1999","194.21"
"CHE","","ALL","2000","187.58"
"CHE","","ALL","2001","176.27"
"CHE","","ALL","2002","168.15"
"CHE","","ALL","2003","169.85"
"CHE","","ALL","2004","155.18"
"CHE","","ALL","2005","157.42"
"CHE","","ALL","2006","149.8"
"CHE","","ALL","2007","147.18"
"CHE","","ALL","2008","141.95"
"CHE","","ALL","2009","136.52"
"CHE","","ALL","2010","132.35"
"CHE","","ALL","2011","125.08"
"CHE","","ALL","2012","124.53"
"CHE","","ALL","2013","121.8"
"CHE","","ALL","2015","113.54"
"CHE","","ALL","2016","107.97"
"CHE","","ALL","2017","107.2"
"CHE","","ALL","2018","103.22"
"CHE","","ALL","2019","99.71"
"","CIS","ALL","1991","290.98"
"","CIS","ALL","1992","299.83"
"","CIS","ALL","1993","335.5"
"","CIS","ALL","1994","351.91"
"","CIS","ALL","1995","356.72"
"","CIS","ALL","1996","352.45"
"","CIS","ALL","1997","336.48"
"","CIS","ALL","1998","332.97"
"","CIS","ALL","1999","331.16"
"","CIS","ALL","2000","343.69"
"","CIS","ALL","2001","336.89"
"","CIS","ALL","2002","335.25"
"","CIS","ALL","2003","330.83"
"CYP","","ALL","2004","157.9"
"CYP","","ALL","2005","162.57"
"CYP","","ALL","2006","161.59"
"CYP","","ALL","2007","158.81"
"CYP","","ALL","2008","146.36"
"CYP","","ALL","2009","142.77"
"CYP","","ALL","2010","128.09"
"CYP","","ALL","2011","141.16"
"CYP","","ALL","2012","136.36"
"CYP","","ALL","2013","128.92"
"CYP","","ALL","2014","128.88"
"CYP","","ALL","2015","128.53"
"CYP","","ALL","2016","123.72"
"CYP","","ALL","2017","127.86"
"CYP","","ALL","2018","114.09"
"CYP","","ALL","2019","111.48"
"CYP","","ALL","2020","114.66"
"CZE","","ALL","1986","642.74"
"CZE","","ALL","1987","604.76"
"CZE","","ALL","1988","588.76"
"CZE","","ALL","1989","603.2"
"CZE","","ALL","1990","606.89"
"CZE","","ALL","1991","572.88"
"CZE","","ALL","1992","545.34"
"CZE","","ALL","1993","529.03"
"CZE","","ALL","1994","508.29"
"CZE","","ALL","1995","487.97"
"CZE","","ALL","1996","447.56"
"CZE","","ALL","1997","415.52"
"CZE","","ALL","1998","405.85"
"CZE","","ALL","1999","408.5"
"CZE","","ALL","2000","398.33"
"CZE","","ALL","2001","388.13"
"CZE","","ALL","2002","381.12"
"CZE","","ALL","2003","380.91"
"CZE","","ALL","2004","345.77"
"CZE","","ALL","2005","359.31"
"CZE","","ALL","2006","337.21"
"CZE","","ALL","2007","334.59"
"CZE","","ALL","2008","320.84"
"CZE","","ALL","2009","315.73"
"CZE","","ALL","2010","299.35"
"CZE","","ALL","2011","301.02"
"CZE","","ALL","2012","294.2"
"CZE","","ALL","2013","296.6"
"CZE","","ALL","2014","269.73"
"CZE","","ALL","2015","271.44"
"CZE","","ALL","2016","243.39"
"CZE","","ALL","2017","242.43"
"CZE","","ALL","2018","228.27"
"CZE","","ALL","2019","216.45"
"CZE","","ALL","2020","218.02"
"CZE","","ALL","2021","206"
"DEU","","ALL","1990","312.61"
"DEU","","ALL","1991","322.6"
"DEU","","ALL","1992","313.93"
"DEU","","ALL","1993","315.68"
"DEU","","ALL","1994","305.84"
"DEU","","ALL","1995","301.97"
"DEU","","ALL","1996","293.39"
"DEU","","ALL","1997","281.69"
"DEU","","ALL","1998","275.77"
"DEU","","ALL","1999","264.78"
"DEU","","ALL","2000","251.3"
"DEU","","ALL","2001","242.16"
"DEU","","ALL","2002","240.57"
"DEU","","ALL","2003","237.25"
"DEU","","ALL","2004","219.58"
"DEU","","ALL","2005","211.99"
"DEU","","ALL","2006","201.24"
"DEU","","ALL","2007","192.78"
"DEU","","ALL","2008","186.12"
"DEU","","ALL","2009","183.72"
"DEU","","ALL","2010","177.94"
"DEU","","ALL","2011","170.3"
"DEU","","ALL","2012","167.75"
"DEU","","ALL","2013","171.36"
"DEU","","ALL","2014","160.36"
"DEU","","ALL","2015","164.62"
"DEU","","ALL","2016","157.87"
"DEU","","ALL","2017","157.44"
"DEU","","ALL","2018","155.12"
"DEU","","ALL","2019","147.95"
"DEU","","ALL","2020","145.45"
"DNK","","ALL","1994","337.68"
"DNK","","ALL","1995","342.48"
"DNK","","ALL","1996","316.57"
"DNK","","ALL","1997","310.07"
"DNK","","ALL","1998","295.98"
"DNK","","ALL","1999","296.6"
"DNK","","ALL","2000","283.61"
"DNK","","ALL","2001","281.55"
"DNK","","ALL","2002","268.64"
"DNK","","ALL","2003","259.81"
"DNK","","ALL","2004","244.27"
"DNK","","ALL","2005","231.36"
"DNK","","ALL","2006","225.02"
"DNK","","ALL","2007","210.49"
"DNK","","ALL","2008","201.47"
"DNK","","ALL","2009","197.41"
"DNK","","ALL","2010","191.54"
"DNK","","ALL","2011","175.91"
"DNK","","ALL","2012","173.48"
"DNK","","ALL","2013","168.08"
"DNK","","ALL","2014","159.69"
"DNK","","ALL","2015","157.69"
"DNK","","ALL","2016","154.6"
"DNK","","ALL","2017","149.44"
"DNK","","ALL","2018","140.74"
"DNK","","ALL","2019","138.8"
"DNK","","ALL","2020","130.13"
"ESP","","ALL","1980","272.06"
"ESP","","ALL","1981","274.21"
"ESP","","ALL","1982","261.26"
"ESP","","ALL","1983","265.96"
"ESP","","ALL","1984","262.5"
"ESP","","ALL","1985","262.48"
"ESP","","ALL","1986","252.52"
"ESP","","ALL","1987","246.03"
"ESP","","ALL","1988","246.45"
"ESP","","ALL","1989","241.58"
"ESP","","ALL","1990","240.91"
"ESP","","ALL","1991","242.75"
"ESP","","ALL","1992","231.36"
"ESP","","ALL","1993","229.1"
"ESP","","ALL","1994","222.1"
"ESP","","ALL","1995","221.37"
"ESP","","ALL","1996","217.21"
"ESP","","ALL","1997","211.6"
"ESP","","ALL","1998","211.85"
"ESP","","ALL","1999","210.56"
"ESP","","ALL","2000","193.07"
"ESP","","ALL","2001","186.83"
"ESP","","ALL","2002","184.16"
"ESP","","ALL","2003","183.63"
"ESP","","ALL","2004","170.78"
"ESP","","ALL","2005","169.7"
"ESP","","ALL","2006","156.48"
"ESP","","ALL","2007","154.67"
"ESP","","ALL","2008","146.96"
"ESP","","ALL","2009","143.04"
"ESP","","ALL","2010","138.3"
"ESP","","ALL","2011","133.62"
"ESP","","ALL","2012","130.83"
"ESP","","ALL","2013","123.87"
"ESP","","ALL","2014","119.48"
"ESP","","ALL","2015","120.85"
"ESP","","ALL","2016","115.07"
"ESP","","ALL","2017","113.09"
"ESP","","ALL","2018","108.89"
"ESP","","ALL","2019","103.32"
"ESP","","ALL","2020","101.35"
"ESP","","ALL","2021","97.96"
"EST","","ALL","1989","705.77"
"EST","","ALL","1990","719.67"
"EST","","ALL","1991","700.15"
"EST","","ALL","1992","705.17"
"EST","","ALL","1993","736.15"
"EST","","ALL","1994","741.08"
"EST","","ALL","1995","693.46"
"EST","","ALL","1996","635.09"
"EST","","ALL","1997","594"
"EST","","ALL","1998","622.5"
"EST","","ALL","1999","579.29"
"EST","","ALL","2000","553.93"
"EST","","ALL","2001","543.21"
"EST","","ALL","2002","532.36"
"EST","","ALL","2003","518.2"
"EST","","ALL","2004","467.77"
"EST","","ALL","2005","443.02"
"EST","","ALL","2006","427.73"
"EST","","ALL","2007","387.69"
"EST","","ALL","2008","360.79"
"EST","","ALL","2009","323.11"
"EST","","ALL","2010","317.35"
"EST","","ALL","2011","282.63"
"EST","","ALL","2012","272.83"
"EST","","ALL","2013","253.43"
"EST","","ALL","2014","234.3"
"EST","","ALL","2015","213.48"
"EST","","ALL","2016","211.56"
"","EU_AFTER_MAY2004","ALL","1985","447.82"
"","EU_AFTER_MAY2004","ALL","1986","442.86"
"","EU_AFTER_MAY2004","ALL","1987","441.42"
"","EU_AFTER_MAY2004","ALL","1988","432.6"
"","EU_AFTER_MAY2004","ALL","1989","434.04"
"","EU_AFTER_MAY2004","ALL","1990","434.83"
"","EU_AFTER_MAY2004","ALL","1991","439.5"
"","EU_AFTER_MAY2004","ALL","1992","437.86"
"","EU_AFTER_MAY2004","ALL","1993","454.92"
"","EU_AFTER_MAY2004","ALL","1994","445.6"
"","EU_AFTER_MAY2004","ALL","1995","438.07"
"","EU_AFTER_MAY2004","ALL","1996","435.19"
"","EU_AFTER_MAY2004","ALL","1997","434.88"
"","EU_AFTER_MAY2004","ALL","1998","439.21"
"","EU_AFTER_MAY2004","ALL","2001","412.43"
"","EU_AFTER_MAY2004","ALL","2002","409.45"
"","EU_AFTER_MAY2004","ALL","2003","407.52"
"","EU_AFTER_MAY2004","ALL","2004","387.91"
"","EU_AFTER_MAY2004","ALL","2005","388.85"
"","EU_AFTER_MAY2004","ALL","2006","373.19"
"","EU_AFTER_MAY2004","ALL","2007","361.56"
"","EU_AFTER_MAY2004","ALL","2008","349.14"
"","EU_AFTER_MAY2004","ALL","2009","338.38"
"","EU_AFTER_MAY2004","ALL","2010","328.72"
"","EU_AFTER_MAY2004","ALL","2011","316.31"
"","EU_AFTER_MAY2004","ALL","2012","308.31"
"","EU_AFTER_MAY2004","ALL","2013","294.86"
"","EU_AFTER_MAY2004","ALL","2014","283.39"
"","EU_AFTER_MAY2004","ALL","2015","282.34"
"","EU_AFTER_MAY2004","ALL","2016","266.44"
"","EU_AFTER_MAY2004","ALL","2017","268.15"
"","EU_AFTER_MAY2004","ALL","2018","257.94"
"","EU_AFTER_MAY2004","ALL","2019","249.63"
"","EU_AFTER_MAY2004","ALL","2020","256.85"
"","EU_BEFORE_MAY2004","ALL","1979","344.68"
"","EU_BEFORE_MAY2004","ALL","1980","338.74"
"","EU_BEFORE_MAY2004","ALL","1981","332.25"
"","EU_BEFORE_MAY2004","ALL","1982","329.29"
"","EU_BEFORE_MAY2004","ALL","1983","332.25"
"","EU_BEFORE_MAY2004","ALL","1984","325.72"
"","EU_BEFORE_MAY2004","ALL","1985","326.71"
"","EU_BEFORE_MAY2004","ALL","1986","320.44"
"","EU_BEFORE_MAY2004","ALL","1987","310.08"
"","EU_BEFORE_MAY2004","ALL","1988","305.64"
"","EU_BEFORE_MAY2004","ALL","1989","299.41"
"","EU_BEFORE_MAY2004","ALL","1990","294.14"
"","EU_BEFORE_MAY2004","ALL","1991","294.82"
"","EU_BEFORE_MAY2004","ALL","1992","285.65"
"","EU_BEFORE_MAY2004","ALL","1993","284.48"
"","EU_BEFORE_MAY2004","ALL","1994","271.74"
"","EU_BEFORE_MAY2004","ALL","1995","268.68"
"","EU_BEFORE_MAY2004","ALL","1996","257.18"
"","EU_BEFORE_MAY2004","ALL","1997","246.49"
"","EU_BEFORE_MAY2004","ALL","1998","244.17"
"","EU_BEFORE_MAY2004","ALL","1999","238.57"
"","EU_BEFORE_MAY2004","ALL","2000","228.86"
"","EU_BEFORE_MAY2004","ALL","2001","221.31"
"","EU_BEFORE_MAY2004","ALL","2002","218.15"
"","EU_BEFORE_MAY2004","ALL","2003","215.93"
"","EU_BEFORE_MAY2004","ALL","2004","200.07"
"","EU_BEFORE_MAY2004","ALL","2005","194.74"
"","EU_BEFORE_MAY2004","ALL","2006","183.49"
"","EU_BEFORE_MAY2004","ALL","2007","177.57"
"","EU_BEFORE_MAY2004","ALL","2008","171.86"
"","EU_BEFORE_MAY2004","ALL","2009","166.18"
"","EU_BEFORE_MAY2004","ALL","2010","160.52"
"","EU_BEFORE_MAY2004","ALL","2011","154.09"
"","EU_BEFORE_MAY2004","ALL","2012","151.81"
"","EU_BEFORE_MAY2004","ALL","2013","148.3"
"","EU_BEFORE_MAY2004","ALL","2014","141.71"
"","EU_BEFORE_MAY2004","ALL","2015","143.2"
"","EU_BEFORE_MAY2004","ALL","2016","137.39"
"","EU_BEFORE_MAY2004","ALL","2017","135.42"
"","EU_BEFORE_MAY2004","ALL","2018","131.99"
"","EU_BEFORE_MAY2004","ALL","2019","127.26"
"","EU_BEFORE_MAY2004","ALL","2020","125.55"
"","EU_MEMBERS","ALL","1980","344.51"
"","EU_MEMBERS","ALL","1981","337.93"
"","EU_MEMBERS","ALL","1982","336.01"
"","EU_MEMBERS","ALL","1983","340.33"
"","EU_MEMBERS","ALL","1984","335.78"
"","EU_MEMBERS","ALL","1985","338.71"
"","EU_MEMBERS","ALL","1986","334.26"
"","EU_MEMBERS","ALL","1987","327.36"
"","EU_MEMBERS","ALL","1988","322.22"
"","EU_MEMBERS","ALL","1989","318.32"
"","EU_MEMBERS","ALL","1990","316.06"
"","EU_MEMBERS","ALL","1991","318"
"","EU_MEMBERS","ALL","1992","311.21"
"","EU_MEMBERS","ALL","1993","315.72"
"","EU_MEMBERS","ALL","1994","305.56"
"","EU_MEMBERS","ALL","1995","301.34"
"","EU_MEMBERS","ALL","1996","292.13"
"","EU_MEMBERS","ALL","1997","284.52"
"","EU_MEMBERS","ALL","1998","284.21"
"","EU_MEMBERS","ALL","2001","260.76"
"","EU_MEMBERS","ALL","2002","257.53"
"","EU_MEMBERS","ALL","2003","255.76"
"","EU_MEMBERS","ALL","2004","239.3"
"","EU_MEMBERS","ALL","2005","236.02"
"","EU_MEMBERS","ALL","2006","223.65"
"","EU_MEMBERS","ALL","2007","216.4"
"","EU_MEMBERS","ALL","2008","208.76"
"","EU_MEMBERS","ALL","2009","202.88"
"","EU_MEMBERS","ALL","2010","196.03"
"","EU_MEMBERS","ALL","2011","189.13"
"","EU_MEMBERS","ALL","2012","184.74"
"","EU_MEMBERS","ALL","2013","178.61"
"","EU_MEMBERS","ALL","2014","170.9"
"","EU_MEMBERS","ALL","2015","171.6"
"","EU_MEMBERS","ALL","2016","163.41"
"","EU_MEMBERS","ALL","2017","162.54"
"","EU_MEMBERS","ALL","2018","157.08"
"","EU_MEMBERS","ALL","2019","152.17"
"","EU_MEMBERS","ALL","2020","152.67"
"","EU_BEFORE_FEB2020","ALL","1980","361.84"
"","EU_BEFORE_FEB2020","ALL","1981","354.05"
"","EU_BEFORE_FEB2020","ALL","1982","351.93"
"","EU_BEFORE_FEB2020","ALL","1983","355.29"
"","EU_BEFORE_FEB2020","ALL","1984","351.47"
"","EU_BEFORE_FEB2020","ALL","1985","355.04"
"","EU_BEFORE_FEB2020","ALL","1986","349.13"
"","EU_BEFORE_FEB2020","ALL","1987","340.91"
"","EU_BEFORE_FEB2020","ALL","1988","335.48"
"","EU_BEFORE_FEB2020","ALL","1989","331.06"
"","EU_BEFORE_FEB2020","ALL","1990","327.14"
"","EU_BEFORE_FEB2020","ALL","1991","328.67"
"","EU_BEFORE_FEB2020","ALL","1992","321"
"","EU_BEFORE_FEB2020","ALL","1993","323.91"
"","EU_BEFORE_FEB2020","ALL","1994","311.85"
"","EU_BEFORE_FEB2020","ALL","1995","307.64"
"","EU_BEFORE_FEB2020","ALL","1996","297.91"
"","EU_BEFORE_FEB2020","ALL","1997","289.48"
"","EU_BEFORE_FEB2020","ALL","1998","288.52"
"","EU_BEFORE_FEB2020","ALL","2001","264.17"
"","EU_BEFORE_FEB2020","ALL","2002","260.6"
"","EU_BEFORE_FEB2020","ALL","2003","258.19"
"","EU_BEFORE_FEB2020","ALL","2004","241.28"
"","EU_BEFORE_FEB2020","ALL","2005","237.1"
"","EU_BEFORE_FEB2020","ALL","2006","224.6"
"","EU_BEFORE_FEB2020","ALL","2007","217.23"
"","EU_BEFORE_FEB2020","ALL","2008","209.9"
"","EU_BEFORE_FEB2020","ALL","2009","203.01"
"","EU_BEFORE_FEB2020","ALL","2010","196.32"
"","EU_BEFORE_FEB2020","ALL","2011","188.5"
"","EU_BEFORE_FEB2020","ALL","2012","184.47"
"","EU_BEFORE_FEB2020","ALL","2013","178.83"
"","EU_BEFORE_FEB2020","ALL","2014","171.07"
"","EU_BEFORE_FEB2020","ALL","2015","171.89"
"","EU_BEFORE_FEB2020","ALL","2016","163.84"
"","EU_BEFORE_FEB2020","ALL","2017","162.51"
"","EU_BEFORE_FEB2020","ALL","2018","157.74"
"","EU_BEFORE_FEB2020","ALL","2019","152.11"
"","EU_BEFORE_FEB2020","ALL","2020","152.17"
"FIN","","ALL","1987","424"
"FIN","","ALL","1988","411"
"FIN","","ALL","1989","400.04"
"FIN","","ALL","1990","394.5"
"FIN","","ALL","1991","379.3"
"FIN","","ALL","1992","377.46"
"FIN","","ALL","1993","377.31"
"FIN","","ALL","1994","343.91"
"FIN","","ALL","1995","352.02"
"FIN","","ALL","1996","322.52"
"FIN","","ALL","1997","311.03"
"FIN","","ALL","1998","306.62"
"FIN","","ALL","1999","299.77"
"FIN","","ALL","2000","293.14"
"FIN","","ALL","2001","278.34"
"FIN","","ALL","2002","274.8"
"FIN","","ALL","2003","265.23"
"FIN","","ALL","2004","246.36"
"FIN","","ALL","2005","241.47"
"FIN","","ALL","2006","234.76"
"FIN","","ALL","2007","229.52"
"FIN","","ALL","2008","218.57"
"FIN","","ALL","2009","213.2"
"FIN","","ALL","2010","209.46"
"FIN","","ALL","2011","198.91"
"FIN","","ALL","2012","194.58"
"FIN","","ALL","2013","184.05"
"FIN","","ALL","2014","177.62"
"FIN","","ALL","2016","169.59"
"FIN","","ALL","2017","160.12"
"FIN","","ALL","2018","154.54"
"FIN","","ALL","2019","144.23"
"FIN","","ALL","2020","141.57"
"FRA","","ALL","1979","245.17"
"FRA","","ALL","1980","246.01"
"FRA","","ALL","1981","243.81"
"FRA","","ALL","1982","237.27"
"FRA","","ALL","1983","236.61"
"FRA","","ALL","1984","230.82"
"FRA","","ALL","1985","233.45"
"FRA","","ALL","1986","235.33"
"FRA","","ALL","1987","213.19"
"FRA","","ALL","1988","205.06"
"FRA","","ALL","1989","199.46"
"FRA","","ALL","1990","192.05"
"FRA","","ALL","1991","189.6"
"FRA","","ALL","1992","183.32"
"FRA","","ALL","1993","181.87"
"FRA","","ALL","1994","171.28"
"FRA","","ALL","1995","170.97"
"FRA","","ALL","1996","169.9"
"FRA","","ALL","1997","163.77"
"FRA","","ALL","1998","168.09"
"FRA","","ALL","1999","163.85"
"FRA","","ALL","2000","149.94"
"FRA","","ALL","2001","145.2"
"FRA","","ALL","2002","142.38"
"FRA","","ALL","2003","141.27"
"FRA","","ALL","2004","131.82"
"FRA","","ALL","2005","130.73"
"FRA","","ALL","2006","123.05"
"FRA","","ALL","2007","119.05"
"FRA","","ALL","2008","115.91"
"FRA","","ALL","2009","113"
"FRA","","ALL","2010","109.37"
"FRA","","ALL","2011","106.66"
"FRA","","ALL","2012","105"
"FRA","","ALL","2013","101.56"
"FRA","","ALL","2014","99.04"
"FRA","","ALL","2017","93.59"
"GBR","","ALL","1979","505.27"
"GBR","","ALL","1980","488.32"
"GBR","","ALL","1981","471.21"
"GBR","","ALL","1982","468.01"
"GBR","","ALL","1983","464.66"
"GBR","","ALL","1984","466.35"
"GBR","","ALL","1985","474.66"
"GBR","","ALL","1986","458.05"
"GBR","","ALL","1987","440.13"
"GBR","","ALL","1988","432.57"
"GBR","","ALL","1989","424.27"
"GBR","","ALL","1990","408.27"
"GBR","","ALL","1991","406.43"
"GBR","","ALL","1992","392.11"
"GBR","","ALL","1993","383.41"
"GBR","","ALL","1994","357.53"
"GBR","","ALL","1995","353.28"
"GBR","","ALL","1996","339.71"
"GBR","","ALL","1997","325.24"
"GBR","","ALL","1998","319.57"
"GBR","","ALL","1999","309.41"
"GBR","","ALL","2000","291.77"
"GBR","","ALL","2001","288.88"
"GBR","","ALL","2002","282.81"
"GBR","","ALL","2003","275.72"
"GBR","","ALL","2004","255.62"
"GBR","","ALL","2005","244.86"
"GBR","","ALL","2006","231.47"
"GBR","","ALL","2007","223.17"
"GBR","","ALL","2008","218.11"
"GBR","","ALL","2009","203.93"
"GBR","","ALL","2010","198.34"
"GBR","","ALL","2011","184.11"
"GBR","","ALL","2012","182.65"
"GBR","","ALL","2013","180.32"
"GBR","","ALL","2014","172.24"
"GBR","","ALL","2015","173.84"
"GBR","","ALL","2016","166.74"
"GBR","","ALL","2017","162.34"
"GBR","","ALL","2018","162.26"
"GBR","","ALL","2019","151.65"
"GBR","","ALL","2020","148.86"
"GEO","","ALL","1991","657.63"
"GEO","","ALL","1992","689.02"
"GEO","","ALL","1994","449.96"
"GEO","","ALL","1995","416.92"
"GEO","","ALL","1996","373.86"
"GEO","","ALL","1997","385.41"
"GEO","","ALL","1998","592.26"
"GEO","","ALL","1999","600.58"
"GEO","","ALL","2000","637.58"
"GEO","","ALL","2001","604.36"
"GEO","","ALL","2004","551.25"
"GEO","","ALL","2005","367.39"
"GEO","","ALL","2006","328.31"
"GEO","","ALL","2007","304.94"
"GEO","","ALL","2009","280.3"
"GEO","","ALL","2010","146.08"
"GEO","","ALL","2011","207.36"
"GEO","","ALL","2012","209.25"
"GEO","","ALL","2013","179.91"
"GEO","","ALL","2014","253.09"
"GEO","","ALL","2015","258.68"
"GEO","","ALL","2016","235.57"
"GEO","","ALL","2017","253.43"
"GEO","","ALL","2018","334.8"
"GEO","","ALL","2019","330.27"
"GEO","","ALL","2020","358.39"
"GEO","","ALL","2021","350.55"
"GRC","","ALL","1979","289.49"
"GRC","","ALL","1980","295.16"
"GRC","","ALL","1981","285.73"
"GRC","","ALL","1982","286.33"
"GRC","","ALL","1983","298.29"
"GRC","","ALL","1984","286.41"
"GRC","","ALL","1985","298.86"
"GRC","","ALL","1986","279.43"
"GRC","","ALL","1987","286.92"
"GRC","","ALL","1988","281.86"
"GRC","","ALL","1989","283.93"
"GRC","","ALL","1990","280.87"
"GRC","","ALL","1991","278.86"
"GRC","","ALL","1992","274.67"
"GRC","","ALL","1993","265.61"
"GRC","","ALL","1994","266.27"
"GRC","","ALL","1995","271.4"
"GRC","","ALL","1996","265.18"
"GRC","","ALL","1997","264.34"
"GRC","","ALL","1998","259.66"
"GRC","","ALL","1999","259.12"
"GRC","","ALL","2000","260.42"
"GRC","","ALL","2001","257.82"
"GRC","","ALL","2002","252.47"
"GRC","","ALL","2003","252.88"
"GRC","","ALL","2004","245.74"
"GRC","","ALL","2005","228.23"
"GRC","","ALL","2006","223.23"
"GRC","","ALL","2007","214.92"
"GRC","","ALL","2008","203.19"
"GRC","","ALL","2009","196.63"
"GRC","","ALL","2010","183.07"
"GRC","","ALL","2011","180"
"GRC","","ALL","2012","181.33"
"GRC","","ALL","2014","172.11"
"GRC","","ALL","2015","172.67"
"GRC","","ALL","2016","163.4"
"GRC","","ALL","2017","167.47"
"GRC","","ALL","2018","157.52"
"GRC","","ALL","2019","160.73"
"GRC","","ALL","2020","157.49"
"HRV","","ALL","1985","353.75"
"HRV","","ALL","1986","345.98"
"HRV","","ALL","1987","346.03"
"HRV","","ALL","1988","334.77"
"HRV","","ALL","1989","337.05"
"HRV","","ALL","1990","329.44"
"HRV","","ALL","1991","372.15"
"HRV","","ALL","1992","408.08"
"HRV","","ALL","1993","415.32"
"HRV","","ALL","1994","424.62"
"HRV","","ALL","1995","419.66"
"HRV","","ALL","1996","466.64"
"HRV","","ALL","1997","468.88"
"HRV","","ALL","1998","487.13"
"HRV","","ALL","1999","473.84"
"HRV","","ALL","2000","471.45"
"HRV","","ALL","2001","390.11"
"HRV","","ALL","2002","380.84"
"HRV","","ALL","2003","409.37"
"HRV","","ALL","2004","360.65"
"HRV","","ALL","2005","380.91"
"HRV","","ALL","2006","365.15"
"HRV","","ALL","2007","361.65"
"HRV","","ALL","2008","354.43"
"HRV","","ALL","2009","353.63"
"HRV","","ALL","2010","349.87"
"HRV","","ALL","2011","340.2"
"HRV","","ALL","2012","333.94"
"HRV","","ALL","2013","318.58"
"HRV","","ALL","2014","314.89"
"HRV","","ALL","2015","324.01"
"HRV","","ALL","2016","290.98"
"HRV","","ALL","2017","293.09"
"HRV","","ALL","2019","235.58"
"HRV","","ALL","2020","221.29"
"HUN","","ALL","1979","525.68"
"HUN","","ALL","1980","570.18"
"HUN","","ALL","1981","565.97"
"HUN","","ALL","1982","558.41"
"HUN","","ALL","1983","561.1"
"HUN","","ALL","1984","551.57"
"HUN","","ALL","1985","551.78"
"HUN","","ALL","1986","546.25"
"HUN","","ALL","1987","533.24"
"HUN","","ALL","1988","522.57"
"HUN","","ALL","1989","526.39"
"HUN","","ALL","1990","542.32"
"HUN","","ALL","1991","542.25"
"HUN","","ALL","1992","550.16"
"HUN","","ALL","1993","558.55"
"HUN","","ALL","1994","537.28"
"HUN","","ALL","1995","537.03"
"HUN","","ALL","1996","537.57"
"HUN","","ALL","1997","516.5"
"HUN","","ALL","1998","519.48"
"HUN","","ALL","1999","539.23"
"HUN","","ALL","2000","512.93"
"HUN","","ALL","2001","480.11"
"HUN","","ALL","2002","474.54"
"HUN","","ALL","2003","491.02"
"HUN","","ALL","2004","477.85"
"HUN","","ALL","2005","490.5"
"HUN","","ALL","2006","460.79"
"HUN","","ALL","2007","449.59"
"HUN","","ALL","2008","431.53"
"HUN","","ALL","2009","427.77"
"HUN","","ALL","2010","425.15"
"HUN","","ALL","2011","411.51"
"HUN","","ALL","2012","409.24"
"HUN","","ALL","2013","395.22"
"HUN","","ALL","2014","387.31"
"HUN","","ALL","2015","386.23"
"HUN","","ALL","2016","363.89"
"HUN","","ALL","2017","373.78"
"HUN","","ALL","2018","364.8"
"HUN","","ALL","2019","358.89"
"IRL","","ALL","1979","536.16"
"IRL","","ALL","1980","528.6"
"IRL","","ALL","1981","524.92"
"IRL","","ALL","1982","515.33"
"IRL","","ALL","1983","525.91"
"IRL","","ALL","1984","493.99"
"IRL","","ALL","1985","515.22"
"IRL","","ALL","1986","515.69"
"IRL","","ALL","1987","473.8"
"IRL","","ALL","1988","472.41"
"IRL","","ALL","1989","469.04"
"IRL","","ALL","1990","439.93"
"IRL","","ALL","1991","425.88"
"IRL","","ALL","1992","411.77"
"IRL","","ALL","1993","424.46"
"IRL","","ALL","1994","406.37"
"IRL","","ALL","1995","405.32"
"IRL","","ALL","1996","384.57"
"IRL","","ALL","1997","367.4"
"IRL","","ALL","1998","356.75"
"IRL","","ALL","1999","351.82"
"IRL","","ALL","2000","328.5"
"IRL","","ALL","2001","301.18"
"IRL","","ALL","2002","288.1"
"IRL","","ALL","2003","269.34"
"IRL","","ALL","2004","256.04"
"IRL","","ALL","2005","237.45"
"IRL","","ALL","2006","229.5"
"IRL","","ALL","2007","239.6"
"IRL","","ALL","2008","227.23"
"IRL","","ALL","2009","224.56"
"IRL","","ALL","2011","204.23"
"IRL","","ALL","2012","199.58"
"IRL","","ALL","2013","194.21"
"IRL","","ALL","2015","181.75"
"IRL","","ALL","2018","159.36"
"ISL","","ALL","1981","388.43"
"ISL","","ALL","1982","358.88"
"ISL","","ALL","1983","367.54"
"ISL","","ALL","1984","319.94"
"ISL","","ALL","1985","347.86"
"ISL","","ALL","1986","322.85"
"ISL","","ALL","1987","335.83"
"ISL","","ALL","1988","345.18"
"ISL","","ALL","1989","314.85"
"ISL","","ALL","1990","302.94"
"ISL","","ALL","1991","325.33"
"ISL","","ALL","1992","295.88"
"ISL","","ALL","1993","297.72"
"ISL","","ALL","1994","303.41"
"ISL","","ALL","1995","294.04"
"ISL","","ALL","1996","295.95"
"ISL","","ALL","1997","277.65"
"ISL","","ALL","1998","258.55"
"ISL","","ALL","1999","279.04"
"ISL","","ALL","2000","247.97"
"ISL","","ALL","2001","232.71"
"ISL","","ALL","2002","230.75"
"ISL","","ALL","2003","228.63"
"ISL","","ALL","2004","223.04"
"ISL","","ALL","2005","202.43"
"ISL","","ALL","2006","207.78"
"ISL","","ALL","2007","206.62"
"ISL","","ALL","2008","196.99"
"ISL","","ALL","2009","191.74"
"ISL","","ALL","2010","192.73"
"ISL","","ALL","2011","184.86"
"ISL","","ALL","2012","161.52"
"ISL","","ALL","2013","161.83"
"ISL","","ALL","2014","149.42"
"ISL","","ALL","2015","146.66"
"ISL","","ALL","2016","151.11"
"ISL","","ALL","2017","146.34"
"ISL","","ALL","2018","142.42"
"ISL","","ALL","2019","123.12"
"ISL","","ALL","2020","117.37"
"ISL","","ALL","2021","123.26"
"ISR","","ALL","1979","407.91"
"ISR","","ALL","1980","386.17"
"ISR","","ALL","1981","380.52"
"ISR","","ALL","1982","402.45"
"ISR","","ALL","1983","344.07"
"ISR","","ALL","1984","332.5"
"ISR","","ALL","1985","326.36"
"ISR","","ALL","1986","339.42"
"ISR","","ALL","1987","322.03"
"ISR","","ALL","1988","298.25"
"ISR","","ALL","1989","286.89"
"ISR","","ALL","1990","272.81"
"ISR","","ALL","1991","273.89"
"ISR","","ALL","1992","276.08"
"ISR","","ALL","1993","283.15"
"ISR","","ALL","1994","265.74"
"ISR","","ALL","1995","267.87"
"ISR","","ALL","1996","232.3"
"ISR","","ALL","1997","215.75"
"ISR","","ALL","1998","214.64"
"ISR","","ALL","1999","189.91"
"ISR","","ALL","2000","191.43"
"ISR","","ALL","2001","182.08"
"ISR","","ALL","2002","174.24"
"ISR","","ALL","2003","167.65"
"ISR","","ALL","2004","157.48"
"ISR","","ALL","2005","155.48"
"ISR","","ALL","2006","150.33"
"ISR","","ALL","2007","150.16"
"ISR","","ALL","2008","130.95"
"ISR","","ALL","2009","121.93"
"ISR","","ALL","2010","121.8"
"ISR","","ALL","2011","121.13"
"ISR","","ALL","2012","114.31"
"ISR","","ALL","2013","110.13"
"ISR","","ALL","2014","107.88"
"ISR","","ALL","2015","107.07"
"ISR","","ALL","2016","99.7"
"ISR","","ALL","2017","94.75"
"ISR","","ALL","2018","92.59"
"ISR","","ALL","2019","90.71"
"ISR","","ALL","2020","87.65"
"ITA","","ALL","1979","350.91"
"ITA","","ALL","1980","332.07"
"ITA","","ALL","1981","315.58"
"ITA","","ALL","1982","322.79"
"ITA","","ALL","1983","336.68"
"ITA","","ALL","1984","310.01"
"ITA","","ALL","1985","304.76"
"ITA","","ALL","1986","298.08"
"ITA","","ALL","1987","287.84"
"ITA","","ALL","1988","282.64"
"ITA","","ALL","1989","272.12"
"ITA","","ALL","1990","266.23"
"ITA","","ALL","1991","265.24"
"ITA","","ALL","1992","258"
"ITA","","ALL","1993","254.45"
"ITA","","ALL","1994","249.02"
"ITA","","ALL","1995","238.7"
"ITA","","ALL","1996","228.02"
"ITA","","ALL","1997","225.25"
"ITA","","ALL","1998","225.34"
"ITA","","ALL","1999","215.05"
"ITA","","ALL","2000","205.2"
"ITA","","ALL","2001","195.24"
"ITA","","ALL","2002","193.38"
"ITA","","ALL","2003","202.06"
"ITA","","ALL","2004","184.43"
"ITA","","ALL","2005","186.13"
"ITA","","ALL","2006","170.83"
"ITA","","ALL","2007","166.72"
"ITA","","ALL","2008","163.65"
"ITA","","ALL","2009","158.56"
"ITA","","ALL","2010","151.11"
"ITA","","ALL","2011","150.86"
"ITA","","ALL","2012","147.56"
"ITA","","ALL","2013","138.49"
"ITA","","ALL","2014","132.68"
"ITA","","ALL","2015","136.74"
"ITA","","ALL","2016","128.32"
"ITA","","ALL","2017","129.49"
"ITA","","ALL","2018","121.27"
"ITA","","ALL","2019","117.17"
"KAZ","","ALL","1991","653.85"
"KAZ","","ALL","1992","659.17"
"KAZ","","ALL","1993","726.69"
"KAZ","","ALL","1994","804.11"
"KAZ","","ALL","1995","807.32"
"KAZ","","ALL","1996","819.12"
"KAZ","","ALL","1997","774.13"
"KAZ","","ALL","1998","781.6"
"KAZ","","ALL","1999","704.3"
"KAZ","","ALL","2000","763.6"
"KAZ","","ALL","2001","760.05"
"KAZ","","ALL","2002","770.45"
"KAZ","","ALL","2003","800.76"
"KAZ","","ALL","2013","414.06"
"KAZ","","ALL","2014","373.45"
"KAZ","","ALL","2015","364.87"
"KAZ","","ALL","2016","333.31"
"KAZ","","ALL","2017","312.01"
"KAZ","","ALL","2018","289.11"
"KAZ","","ALL","2019","271.48"
"KAZ","","ALL","2020","286.41"
"KAZ","","ALL","2021","326.2"
"KGZ","","ALL","1991","580.56"
"KGZ","","ALL","1992","602.85"
"KGZ","","ALL","1993","663.9"
"KGZ","","ALL","1994","744.84"
"KGZ","","ALL","1995","735.87"
"KGZ","","ALL","1996","710.4"
"KGZ","","ALL","1997","689.64"
"KGZ","","ALL","1998","683.97"
"KGZ","","ALL","1999","656.42"
"KGZ","","ALL","2000","731.95"
"KGZ","","ALL","2001","712.59"
"KGZ","","ALL","2002","793.52"
"KGZ","","ALL","2003","809.56"
"KGZ","","ALL","2004","748.17"
"KGZ","","ALL","2005","793.21"
"KGZ","","ALL","2006","808.16"
"KGZ","","ALL","2007","770.46"
"KGZ","","ALL","2008","754.61"
"KGZ","","ALL","2009","776.51"
"KGZ","","ALL","2010","751.41"
"KGZ","","ALL","2011","746.5"
"KGZ","","ALL","2012","735.62"
"KGZ","","ALL","2013","680.74"
"KGZ","","ALL","2014","683.5"
"KGZ","","ALL","2015","651.46"
"KGZ","","ALL","2016","595.11"
"LTU","","ALL","1991","627.04"
"LTU","","ALL","1992","614.96"
"LTU","","ALL","1993","634.54"
"LTU","","ALL","1994","625.78"
"LTU","","ALL","1995","623.69"
"LTU","","ALL","1996","593.96"
"LTU","","ALL","1997","581.31"
"LTU","","ALL","1998","551.63"
"LTU","","ALL","1999","529.47"
"LTU","","ALL","2000","503.11"
"LTU","","ALL","2001","537.9"
"LTU","","ALL","2002","535.82"
"LTU","","ALL","2003","525.45"
"LTU","","ALL","2004","516.89"
"LTU","","ALL","2005","532.66"
"LTU","","ALL","2006","533.98"
"LTU","","ALL","2007","519.62"
"LTU","","ALL","2008","496.87"
"LTU","","ALL","2009","476.65"
"LTU","","ALL","2010","478.17"
"LTU","","ALL","2011","461.23"
"LTU","","ALL","2012","454.93"
"LTU","","ALL","2013","448.23"
"LTU","","ALL","2014","425.14"
"LTU","","ALL","2015","441.37"
"LTU","","ALL","2016","423.04"
"LTU","","ALL","2017","397.53"
"LTU","","ALL","2018","382.33"
"LTU","","ALL","2019","359.96"
"LTU","","ALL","2020","384.21"
"LTU","","ALL","2021","371.2"
"LUX","","ALL","1979","402.7"
"LUX","","ALL","1980","408.25"
"LUX","","ALL","1981","401.24"
"LUX","","ALL","1982","379.83"
"LUX","","ALL","1983","390.91"
"LUX","","ALL","1984","407.72"
"LUX","","ALL","1985","399.57"
"LUX","","ALL","1986","394.71"
"LUX","","ALL","1987","377.15"
"LUX","","ALL","1988","354.03"
"LUX","","ALL","1989","342.78"
"LUX","","ALL","1990","324.15"
"LUX","","ALL","1991","297.9"
"LUX","","ALL","1992","300.93"
"LUX","","ALL","1993","292.85"
"LUX","","ALL","1994","274.33"
"LUX","","ALL","1995","267.56"
"LUX","","ALL","1996","266.22"
"LUX","","ALL","1997","241.43"
"LUX","","ALL","1998","238.01"
"LUX","","ALL","1999","227.8"
"LUX","","ALL","2000","221.61"
"LUX","","ALL","2001","211.03"
"LUX","","ALL","2002","217.27"
"LUX","","ALL","2003","223.83"
"LUX","","ALL","2004","195.14"
"LUX","","ALL","2005","180.56"
"LUX","","ALL","2006","189.75"
"LUX","","ALL","2007","177.36"
"LUX","","ALL","2008","152.74"
"LUX","","ALL","2009","158.1"
"LUX","","ALL","2010","146.61"
"LUX","","ALL","2011","148.1"
"LUX","","ALL","2012","136.29"
"LUX","","ALL","2013","127.92"
"LUX","","ALL","2014","125.05"
"LUX","","ALL","2015","118.01"
"LUX","","ALL","2016","122.34"
"LUX","","ALL","2017","118.34"
"LUX","","ALL","2018","102.44"
"LUX","","ALL","2019","101.25"
"LUX","","ALL","2020","96.72"
"LUX","","ALL","2021","91.25"
"LVA","","ALL","1991","680.33"
"LVA","","ALL","1992","684.31"
"LVA","","ALL","1993","750.05"
"LVA","","ALL","1994","797.95"
"LVA","","ALL","1995","724.75"
"LVA","","ALL","1996","640.27"
"LVA","","ALL","1997","631.56"
"LVA","","ALL","1998","643.35"
"LVA","","ALL","1999","609.14"
"LVA","","ALL","2000","593.39"
"LVA","","ALL","2001","597.92"
"LVA","","ALL","2002","580.11"
"LVA","","ALL","2003","571.2"
"LVA","","ALL","2004","552.42"
"LVA","","ALL","2005","547.49"
"LVA","","ALL","2006","524.67"
"LVA","","ALL","2007","526.28"
"LVA","","ALL","2008","473.71"
"LVA","","ALL","2009","454.78"
"LVA","","ALL","2010","449.02"
"LVA","","ALL","2011","428.67"
"LVA","","ALL","2012","430.69"
"LVA","","ALL","2013","420.82"
"LVA","","ALL","2014","405.78"
"LVA","","ALL","2015","400.17"
"LVA","","ALL","2016","392.31"
"LVA","","ALL","2017","377.7"
"LVA","","ALL","2018","367.18"
"LVA","","ALL","2019","340.12"
"LVA","","ALL","2020","348.24"
"LVA","","ALL","2021","366.79"
"MDA","","ALL","1991","650.76"
"MDA","","ALL","1992","590.74"
"MDA","","ALL","1993","630.82"
"MDA","","ALL","1994","716.12"
"MDA","","ALL","1995","798.02"
"MDA","","ALL","1996","846.77"
"MDA","","ALL","1997","856.5"
"MDA","","ALL","1998","825.25"
"MDA","","ALL","1999","890.52"
"MDA","","ALL","2000","890.55"
"MDA","","ALL","2001","874.49"
"MDA","","ALL","2002","913.75"
"MDA","","ALL","2003","930.8"
"MDA","","ALL","2004","862.48"
"MDA","","ALL","2005","917.26"
"MDA","","ALL","2006","838.73"
"MDA","","ALL","2007","791.9"
"MDA","","ALL","2008","755.16"
"MDA","","ALL","2009","748.21"
"MDA","","ALL","2010","762.36"
"MDA","","ALL","2011","689.02"
"MDA","","ALL","2012","677.91"
"MDA","","ALL","2013","640.98"
"MDA","","ALL","2014","636.52"
"MDA","","ALL","2015","612.9"
"MDA","","ALL","2016","565.34"
"MDA","","ALL","2017","540.57"
"MDA","","ALL","2018","527.82"
"MKD","","ALL","1991","335.06"
"MKD","","ALL","1992","357.6"
"MKD","","ALL","1993","351.32"
"MKD","","ALL","1994","360.88"
"MKD","","ALL","1995","360.55"
"MKD","","ALL","1996","373.43"
"MKD","","ALL","1997","384.95"
"MKD","","ALL","1998","388.99"
"MKD","","ALL","1999","379.34"
"MKD","","ALL","2000","378.67"
"MKD","","ALL","2001","368.6"
"MKD","","ALL","2002","380.24"
"MKD","","ALL","2003","384.49"
"MKD","","ALL","2004","372.99"
"MKD","","ALL","2005","372.76"
"MKD","","ALL","2006","365.37"
"MKD","","ALL","2007","363.75"
"MKD","","ALL","2008","351.72"
"MKD","","ALL","2009","338.16"
"MKD","","ALL","2010","331.12"
"MKD","","ALL","2011","326.35"
"MKD","","ALL","2012","327.97"
"MKD","","ALL","2013","297.91"
"MKD","","ALL","2015","275.06"
"MKD","","ALL","2016","267.12"
"MKD","","ALL","2017","243.76"
"MKD","","ALL","2018","221.04"
"MKD","","ALL","2019","211.79"
"MKD","","ALL","2020","228.02"
"MKD","","ALL","2021","187.32"
"MLT","","ALL","1979","634.77"
"MLT","","ALL","1980","639.32"
"MLT","","ALL","1981","776.11"
"MLT","","ALL","1982","435.49"
"MLT","","ALL","1983","432.71"
"MLT","","ALL","1984","355.78"
"MLT","","ALL","1985","348.85"
"MLT","","ALL","1986","421.75"
"MLT","","ALL","1987","429.8"
"MLT","","ALL","1988","386.88"
"MLT","","ALL","1989","390.37"
"MLT","","ALL","1990","394.82"
"MLT","","ALL","1991","396.72"
"MLT","","ALL","1992","384.77"
"MLT","","ALL","1993","369.44"
"MLT","","ALL","1994","335.83"
"MLT","","ALL","1995","324.38"
"MLT","","ALL","1996","336.48"
"MLT","","ALL","1997","322.72"
"MLT","","ALL","1998","313.76"
"MLT","","ALL","1999","329.46"
"MLT","","ALL","2000","302"
"MLT","","ALL","2001","281.37"
"MLT","","ALL","2002","276"
"MLT","","ALL","2003","274.31"
"MLT","","ALL","2004","253.18"
"MLT","","ALL","2005","266.78"
"MLT","","ALL","2006","261.66"
"MLT","","ALL","2007","229.31"
"MLT","","ALL","2008","229.44"
"MLT","","ALL","2009","222.86"
"MLT","","ALL","2010","197.06"
"MLT","","ALL","2011","224.67"
"MLT","","ALL","2012","229.95"
"MLT","","ALL","2013","183.57"
"MLT","","ALL","2014","185.09"
"MLT","","ALL","2015","187.04"
"MLT","","ALL","2016","162.53"
"MLT","","ALL","2017","165.26"
"MNE","","ALL","2000","242.83"
"MNE","","ALL","2001","244.34"
"MNE","","ALL","2002","248.52"
"MNE","","ALL","2003","238.82"
"MNE","","ALL","2004","247.64"
"MNE","","ALL","2005","252.65"
"MNE","","ALL","2006","231.09"
"MNE","","ALL","2007","216.29"
"MNE","","ALL","2008","195.42"
"MNE","","ALL","2009","180.61"
"MNE","","ALL","2017","182.52"
"MNE","","ALL","2019","145.21"
"NLD","","ALL","1979","352.21"
"NLD","","ALL","1980","343.29"
"NLD","","ALL","1981","341.63"
"NLD","","ALL","1982","338.27"
"NLD","","ALL","1983","328.38"
"NLD","","ALL","1984","330.67"
"NLD","","ALL","1985","329.4"
"NLD","","ALL","1986","325.31"
"NLD","","ALL","1987","308.96"
"NLD","","ALL","1988","305.29"
"NLD","","ALL","1989","300.61"
"NLD","","ALL","1990","291.8"
"NLD","","ALL","1991","286.57"
"NLD","","ALL","1992","277.2"
"NLD","","ALL","1993","283.24"
"NLD","","ALL","1994","266.75"
"NLD","","ALL","1995","264.74"
"NLD","","ALL","1996","175.28"
"NLD","","ALL","1997","166.93"
"NLD","","ALL","1998","166.67"
"NLD","","ALL","1999","160.37"
"NLD","","ALL","2000","231.04"
"NLD","","ALL","2001","220.18"
"NLD","","ALL","2002","216.13"
"NLD","","ALL","2003","208.61"
"NLD","","ALL","2004","194.86"
"NLD","","ALL","2005","188.14"
"NLD","","ALL","2006","178.13"
"NLD","","ALL","2007","171.58"
"NLD","","ALL","2008","164.81"
"NLD","","ALL","2009","157.49"
"NLD","","ALL","2010","152.72"
"NLD","","ALL","2011","148.47"
"NLD","","ALL","2012","145.77"
"NLD","","ALL","2013","142.3"
"NLD","","ALL","2014","134.86"
"NLD","","ALL","2015","137.32"
"NLD","","ALL","2016","132.91"
"NLD","","ALL","2017","127.43"
"NLD","","ALL","2018","121.24"
"NLD","","ALL","2019","115.41"
"NLD","","ALL","2020","110.1"
"NOR","","ALL","1986","341.8"
"NOR","","ALL","1987","342.67"
"NOR","","ALL","1988","334.99"
"NOR","","ALL","1989","323.41"
"NOR","","ALL","1990","326.01"
"NOR","","ALL","1991","309.37"
"NOR","","ALL","1992","303.37"
"NOR","","ALL","1993","301.14"
"NOR","","ALL","1994","281.93"
"NOR","","ALL","1995","280.7"
"NOR","","ALL","1996","269.39"
"NOR","","ALL","1997","265.92"
"NOR","","ALL","1998","257.88"
"NOR","","ALL","1999","252.98"
"NOR","","ALL","2000","237.97"
"NOR","","ALL","2001","229.39"
"NOR","","ALL","2002","227.71"
"NOR","","ALL","2003","212.09"
"NOR","","ALL","2004","200.85"
"NOR","","ALL","2005","188.66"
"NOR","","ALL","2006","183.14"
"NOR","","ALL","2007","181.33"
"NOR","","ALL","2008","178.64"
"NOR","","ALL","2009","168.63"
"NOR","","ALL","2010","163.93"
"NOR","","ALL","2011","159.98"
"NOR","","ALL","2012","156.77"
"NOR","","ALL","2013","145.43"
"NOR","","ALL","2014","137.27"
"NOR","","ALL","2015","137.66"
"NOR","","ALL","2016","130.59"
"","NORDIC","ALL","1987","352.88"
"","NORDIC","ALL","1988","347.64"
"","NORDIC","ALL","1989","332.51"
"","NORDIC","ALL","1990","333.36"
"","NORDIC","ALL","1991","325.33"
"","NORDIC","ALL","1992","319.89"
"","NORDIC","ALL","1993","318.65"
"","NORDIC","ALL","1994","301.47"
"","NORDIC","ALL","1995","303.73"
"","NORDIC","ALL","1996","286.5"
"","NORDIC","ALL","1997","246.04"
"","NORDIC","ALL","1998","239.92"
"","NORDIC","ALL","1999","267.55"
"","NORDIC","ALL","2000","256.4"
"","NORDIC","ALL","2001","249.39"
"","NORDIC","ALL","2002","244.4"
"","NORDIC","ALL","2003","234.74"
"","NORDIC","ALL","2004","220.88"
"","NORDIC","ALL","2005","211.97"
"","NORDIC","ALL","2006","206.03"
"","NORDIC","ALL","2007","198.29"
"","NORDIC","ALL","2008","192.81"
"","NORDIC","ALL","2009","185.03"
"","NORDIC","ALL","2010","179.42"
"","NORDIC","ALL","2011","170.94"
"","NORDIC","ALL","2012","167.28"
"","NORDIC","ALL","2013","158.95"
"","NORDIC","ALL","2014","151.62"
"","NORDIC","ALL","2015","149.12"
"","NORDIC","ALL","2016","144.38"
"","NORDIC","ALL","2017","139.45"
"","NORDIC","ALL","2018","134.39"
"","NORDIC","ALL","2019","131.6"
"","NORDIC","ALL","2020","129.15"
"POL","","ALL","1980","269.5"
"POL","","ALL","1981","252.5"
"POL","","ALL","1982","251.9"
"POL","","ALL","1983","250.84"
"POL","","ALL","1984","266.14"
"POL","","ALL","1985","278.96"
"POL","","ALL","1986","278.23"
"POL","","ALL","1987","280.7"
"POL","","ALL","1988","274.63"
"POL","","ALL","1989","282.83"
"POL","","ALL","1990","284.35"
"POL","","ALL","1991","292.75"
"POL","","ALL","1992","287.52"
"POL","","ALL","1993","286.28"
"POL","","ALL","1994","272.53"
"POL","","ALL","1995","270.69"
"POL","","ALL","1996","269.7"
"POL","","ALL","1999","337.83"
"POL","","ALL","2000","329.31"
"POL","","ALL","2001","320.05"
"POL","","ALL","2002","306.79"
"POL","","ALL","2003","302.86"
"POL","","ALL","2004","289.96"
"POL","","ALL","2005","283.1"
"POL","","ALL","2006","275.22"
"POL","","ALL","2007","265.54"
"POL","","ALL","2008","258.35"
"POL","","ALL","2009","247.61"
"POL","","ALL","2010","232.66"
"POL","","ALL","2011","227.84"
"POL","","ALL","2012","218.81"
"POL","","ALL","2013","205.37"
"POL","","ALL","2014","192.04"
"POL","","ALL","2015","190.99"
"POL","","ALL","2016","182.78"
"POL","","ALL","2017","189.98"
"POL","","ALL","2018","180.98"
"POL","","ALL","2019","180.39"
"POL","","ALL","2020","194.74"
"PRT","","ALL","1980","430.52"
"PRT","","ALL","1981","398.34"
"PRT","","ALL","1982","377.31"
"PRT","","ALL","1983","390.81"
"PRT","","ALL","1984","390.28"
"PRT","","ALL","1985","382.12"
"PRT","","ALL","1986","361.96"
"PRT","","ALL","1987","356.17"
"PRT","","ALL","1988","354.71"
"PRT","","ALL","1989","333.25"
"PRT","","ALL","1990","350.42"
"PRT","","ALL","1991","345.91"
"PRT","","ALL","1992","326.73"
"PRT","","ALL","1993","338.07"
"PRT","","ALL","1994","304.78"
"PRT","","ALL","1995","300.43"
"PRT","","ALL","1996","299.36"
"PRT","","ALL","1997","278.13"
"PRT","","ALL","1998","272.35"
"PRT","","ALL","1999","263.74"
"PRT","","ALL","2000","249.11"
"PRT","","ALL","2001","238.07"
"PRT","","ALL","2002","234.42"
"PRT","","ALL","2003","229.2"
"PRT","","ALL","2004","203.65"
"PRT","","ALL","2007","176.43"
"PRT","","ALL","2008","168.58"
"PRT","","ALL","2009","163.99"
"PRT","","ALL","2010","160.22"
"PRT","","ALL","2011","147.53"
"PRT","","ALL","2012","145.38"
"PRT","","ALL","2013","138.15"
"PRT","","ALL","2014","137.95"
"PRT","","ALL","2015","134.86"
"PRT","","ALL","2016","134.02"
"PRT","","ALL","2017","129.44"
"PRT","","ALL","2018","127.69"
"ROU","","ALL","1980","465.73"
"ROU","","ALL","1981","461.65"
"ROU","","ALL","1982","462.56"
"ROU","","ALL","1983","488.1"
"ROU","","ALL","1984","489.3"
"ROU","","ALL","1985","508.95"
"ROU","","ALL","1986","499.37"
"ROU","","ALL","1987","524.8"
"ROU","","ALL","1988","513.14"
"ROU","","ALL","1989","495.65"
"ROU","","ALL","1990","486.84"
"ROU","","ALL","1991","498.67"
"ROU","","ALL","1992","511.77"
"ROU","","ALL","1993","581.09"
"ROU","","ALL","1994","571.81"
"ROU","","ALL","1995","571.44"
"ROU","","ALL","1996","598.76"
"ROU","","ALL","1997","583.36"
"ROU","","ALL","1998","566.12"
"ROU","","ALL","1999","558.59"
"ROU","","ALL","2000","521.62"
"ROU","","ALL","2001","518.09"
"ROU","","ALL","2002","539.58"
"ROU","","ALL","2003","530.91"
"ROU","","ALL","2004","509.2"
"ROU","","ALL","2005","509.36"
"ROU","","ALL","2006","493.6"
"ROU","","ALL","2007","461.22"
"ROU","","ALL","2008","441.43"
"ROU","","ALL","2009","433.6"
"ROU","","ALL","2010","427.69"
"ROU","","ALL","2011","406.11"
"ROU","","ALL","2012","397.41"
"ROU","","ALL","2013","378.71"
"ROU","","ALL","2014","371.4"
"ROU","","ALL","2015","370.53"
"ROU","","ALL","2016","352.47"
"ROU","","ALL","2017","347.73"
"ROU","","ALL","2018","342.37"
"ROU","","ALL","2019","324.06"
"","SEEHN","ALL","1987","459.27"
"","SEEHN","ALL","1988","452.64"
"","SEEHN","ALL","1989","445.33"
"","SEEHN","ALL","1991","446.54"
"","SEEHN","ALL","1992","444.21"
"","SEEHN","ALL","1993","477.2"
"","SEEHN","ALL","1994","474.08"
"","SEEHN","ALL","1995","481.21"
"","SEEHN","ALL","1996","491.63"
"","SEEHN","ALL","1997","480.64"
"","SEEHN","ALL","1998","472.25"
"","SEEHN","ALL","1999","461.37"
"","SEEHN","ALL","2000","449.09"
"","SEEHN","ALL","2001","434.76"
"","SEEHN","ALL","2002","448.14"
"","SEEHN","ALL","2003","443.94"
"","SEEHN","ALL","2004","422.85"
"","SEEHN","ALL","2005","428.94"
"","SEEHN","ALL","2006","411.43"
"","SEEHN","ALL","2007","388.9"
"","SEEHN","ALL","2008","373.91"
"","SEEHN","ALL","2009","363.34"
"","SEEHN","ALL","2010","358.56"
"","SEEHN","ALL","2011","337.72"
"","SEEHN","ALL","2012","332.6"
"","SEEHN","ALL","2013","315.09"
"","SEEHN","ALL","2014","310.76"
"","SEEHN","ALL","2015","307.66"
"","SEEHN","ALL","2016","292.53"
"","SEEHN","ALL","2017","287.42"
"","SEEHN","ALL","2018","281.15"
"","SEEHN","ALL","2019","272.75"
"","SMALL","ALL","1995","197.25"
"","SMALL","ALL","1996","198.65"
"","SMALL","ALL","1997","190.01"
"","SMALL","ALL","1998","185.26"
"","SMALL","ALL","2001","183.09"
"","SMALL","ALL","2002","195.04"
"","SMALL","ALL","2003","204.46"
"","SMALL","ALL","2004","208.71"
"","SMALL","ALL","2005","208.24"
"","SMALL","ALL","2006","203.93"
"","SMALL","ALL","2007","191.93"
"","SMALL","ALL","2008","177.52"
"","SMALL","ALL","2009","172.08"
"","SMALL","ALL","2010","161.4"
"","SMALL","ALL","2011","168.82"
"","SMALL","ALL","2012","163.08"
"","SMALL","ALL","2013","152.25"
"","SMALL","ALL","2014","150.54"
"","SMALL","ALL","2015","149.06"
"","SMALL","ALL","2016","145.32"
"","SMALL","ALL","2017","145.53"
"","SMALL","ALL","2019","126.26"
"SMR","","ALL","1995","100.6"
"SMR","","ALL","1996","96.05"
"SMR","","ALL","1997","121.34"
"SMR","","ALL","1998","87.94"
"SMR","","ALL","1999","133.55"
"SMR","","ALL","2000","94.65"
"SMR","","ALL","2005","114.24"
"SRB","","ALL","1998","382.27"
"SRB","","ALL","1999","381.78"
"SRB","","ALL","2000","394.06"
"SRB","","ALL","2001","372.32"
"SRB","","ALL","2002","379.04"
"SRB","","ALL","2003","382.08"
"SRB","","ALL","2004","367.34"
"SRB","","ALL","2005","390.38"
"SRB","","ALL","2006","377.54"
"SRB","","ALL","2007","360.47"
"SRB","","ALL","2008","353.05"
"SRB","","ALL","2009","350.41"
"SRB","","ALL","2010","332.41"
"SRB","","ALL","2011","303.64"
"SRB","","ALL","2012","299.83"
"SRB","","ALL","2013","277.98"
"SRB","","ALL","2014","268.31"
"SRB","","ALL","2015","265.19"
"SRB","","ALL","2016","249.5"
"SRB","","ALL","2017","248.01"
"SRB","","ALL","2018","241.36"
"SRB","","ALL","2019","231.32"
"SRB","","ALL","2020","223.98"
"SRB","","ALL","2021","215.2"
"SVK","","ALL","1992","440.38"
"SVK","","ALL","1993","433.46"
"SVK","","ALL","1994","480.88"
"SVK","","ALL","1995","473.14"
"SVK","","ALL","1996","450.26"
"SVK","","ALL","1997","444.02"
"SVK","","ALL","1998","459.63"
"SVK","","ALL","1999","444.42"
"SVK","","ALL","2000","455.69"
"SVK","","ALL","2001","452.66"
"SVK","","ALL","2002","439.52"
"SVK","","ALL","2003","447.09"
"SVK","","ALL","2004","430.72"
"SVK","","ALL","2005","416.38"
"SVK","","ALL","2006","382.64"
"SVK","","ALL","2007","421.13"
"SVK","","ALL","2008","442.84"
"SVK","","ALL","2009","426.99"
"SVK","","ALL","2010","416.46"
"SVK","","ALL","2012","354.2"
"SVK","","ALL","2013","344.1"
"SVK","","ALL","2014","322.84"
"SVK","","ALL","2016","308.38"
"SVK","","ALL","2017","305.83"
"SVK","","ALL","2018","283.39"
"SVK","","ALL","2019","267.79"
"SVN","","ALL","1985","347.92"
"SVN","","ALL","1986","305.5"
"SVN","","ALL","1987","305.13"
"SVN","","ALL","1988","291.03"
"SVN","","ALL","1989","305.32"
"SVN","","ALL","1990","340.3"
"SVN","","ALL","1991","356.54"
"SVN","","ALL","1992","361.35"
"SVN","","ALL","1993","359.92"
"SVN","","ALL","1994","343.61"
"SVN","","ALL","1995","310.96"
"SVN","","ALL","1996","305.35"
"SVN","","ALL","1997","303.77"
"SVN","","ALL","1998","301.98"
"SVN","","ALL","1999","292.96"
"SVN","","ALL","2000","268.82"
"SVN","","ALL","2001","261.56"
"SVN","","ALL","2002","247.02"
"SVN","","ALL","2003","251.08"
"SVN","","ALL","2004","226.69"
"SVN","","ALL","2005","215.68"
"SVN","","ALL","2006","189.38"
"SVN","","ALL","2007","191.22"
"SVN","","ALL","2008","195.21"
"SVN","","ALL","2009","192.55"
"SVN","","ALL","2010","185.02"
"SVN","","ALL","2011","177.57"
"SVN","","ALL","2012","174.17"
"SVN","","ALL","2013","162.94"
"SVN","","ALL","2014","160.43"
"SVN","","ALL","2015","164.28"
"SVN","","ALL","2016","155.61"
"SVN","","ALL","2017","156.52"
"SVN","","ALL","2018","150.26"
"SVN","","ALL","2019","142.52"
"SVN","","ALL","2020","137.64"
"SWE","","ALL","1987","325.97"
"SWE","","ALL","1988","322.93"
"SWE","","ALL","1989","294.98"
"SWE","","ALL","1990","299.69"
"SWE","","ALL","1991","294.42"
"SWE","","ALL","1992","284.68"
"SWE","","ALL","1993","282.54"
"SWE","","ALL","1994","265.01"
"SWE","","ALL","1995","264.5"
"SWE","","ALL","1996","255.92"
"SWE","","ALL","1997","159.16"
"SWE","","ALL","1998","157.95"
"SWE","","ALL","1999","238.29"
"SWE","","ALL","2000","228.14"
"SWE","","ALL","2001","223.83"
"SWE","","ALL","2002","221.01"
"SWE","","ALL","2003","213.65"
"SWE","","ALL","2004","202.19"
"SWE","","ALL","2005","195.45"
"SWE","","ALL","2006","189.7"
"SWE","","ALL","2007","181.4"
"SWE","","ALL","2008","179.98"
"SWE","","ALL","2009","169.79"
"SWE","","ALL","2010","162.71"
"SWE","","ALL","2011","157.34"
"SWE","","ALL","2012","153.84"
"SWE","","ALL","2013","146.44"
"SWE","","ALL","2014","139.96"
"SWE","","ALL","2015","136.41"
"SWE","","ALL","2016","131.56"
"SWE","","ALL","2017","126.81"
"SWE","","ALL","2018","121.57"
"TJK","","ALL","1991","457.76"
"TJK","","ALL","1992","462.03"
"TJK","","ALL","1993","490.55"
"TJK","","ALL","1994","510.43"
"TJK","","ALL","1995","474.75"
"TJK","","ALL","1996","410.7"
"TJK","","ALL","1997","346.52"
"TJK","","ALL","1998","331.69"
"TJK","","ALL","1999","364.87"
"TJK","","ALL","2000","381.95"
"TJK","","ALL","2001","380.27"
"TJK","","ALL","2002","439.26"
"TJK","","ALL","2003","415.31"
"TJK","","ALL","2004","385.82"
"TJK","","ALL","2005","371.06"
"TJK","","ALL","2017","296.26"
"TKM","","ALL","1991","786.75"
"TKM","","ALL","1992","797.34"
"TKM","","ALL","1993","902.12"
"TKM","","ALL","1994","904.41"
"TKM","","ALL","1995","766.04"
"TKM","","ALL","1996","775.96"
"TKM","","ALL","1997","632.2"
"TKM","","ALL","1998","588.07"
"TUR","","ALL","2009","232.81"
"TUR","","ALL","2010","231.95"
"TUR","","ALL","2011","233.91"
"TUR","","ALL","2012","213.62"
"TUR","","ALL","2013","255.61"
"TUR","","ALL","2014","262.88"
"TUR","","ALL","2015","261.14"
"TUR","","ALL","2016","259.46"
"TUR","","ALL","2017","248.13"
"TUR","","ALL","2018","229.59"
"TUR","","ALL","2019","215.8"
"UKR","","ALL","1991","637.25"
"UKR","","ALL","1992","654.5"
"UKR","","ALL","1993","736.17"
"UKR","","ALL","1994","779.95"
"UKR","","ALL","1995","806"
"UKR","","ALL","1996","789.06"
"UKR","","ALL","1997","784.65"
"UKR","","ALL","1998","753.51"
"UKR","","ALL","1999","776.28"
"UKR","","ALL","2000","797.29"
"UKR","","ALL","2001","776.01"
"UKR","","ALL","2002","784.27"
"UKR","","ALL","2003","793.77"
"UKR","","ALL","2004","774.79"
"UZB","","ALL","1991","639.34"
"UZB","","ALL","1992","663.17"
"UZB","","ALL","1993","726.87"
"UZB","","ALL","1994","770.96"
"UZB","","ALL","1995","760.36"
"UZB","","ALL","1996","723.37"
"UZB","","ALL","1997","675.04"
"UZB","","ALL","1998","715.93"
"UZB","","ALL","1999","652.19"
"UZB","","ALL","2000","706.08"
"UZB","","ALL","2001","672.39"
"UZB","","ALL","2002","636.66"
"UZB","","ALL","2003","606.95"
"UZB","","ALL","2004","563.7"
"UZB","","ALL","2005","608.56"
"UZB","","ALL","2009","517.18"
"UZB","","ALL","2010","524.78"
"UZB","","ALL","2011","520.72"
"UZB","","ALL","2012","503.56"
"UZB","","ALL","2013","466.77"
"UZB","","ALL","2014","440.63"
"UZB","","ALL","2015","413.7"
"UZB","","ALL","2016","397.98"
"","WESTERN_BALKANS","ALL","1998","345.18"
"","WESTERN_BALKANS","ALL","1999","341.39"
"","WESTERN_BALKANS","ALL","2000","353.92"
"","WESTERN_BALKANS","ALL","2001","326.87"
"","WESTERN_BALKANS","ALL","2002","338.25"
"","WESTERN_BALKANS","ALL","2003","345.23"
"","WESTERN_BALKANS","ALL","2004","333.3"
"","WESTERN_BALKANS","ALL","2005","337.92"
"","WESTERN_BALKANS","ALL","2006","327.26"
"","WESTERN_BALKANS","ALL","2007","311.11"
"","WESTERN_BALKANS","ALL","2008","312.71"
"","WESTERN_BALKANS","ALL","2009","307.55"
"","WESTERN_BALKANS","ALL","2011","283.75"
"","WESTERN_BALKANS","ALL","2016","259.93"
"","WESTERN_BALKANS","ALL","2017","256.19"
"","WESTERN_BALKANS","ALL","2019","243.33"
"","WHO_EURO","ALL","1989","312.07"
"","WHO_EURO","ALL","1990","309.94"
"","WHO_EURO","ALL","1991","311"
"","WHO_EURO","ALL","1992","309.58"
"","WHO_EURO","ALL","1993","321.81"
"","WHO_EURO","ALL","1994","319.2"
"","WHO_EURO","ALL","1995","318.29"
"","WHO_EURO","ALL","1996","310.84"
"","WHO_EURO","ALL","1997","300.68"
"","WHO_EURO","ALL","1998","300"
"","WHO_EURO","ALL","2001","286.24"
"","WHO_EURO","ALL","2002","283.48"
"","WHO_EURO","ALL","2003","280.57"
"","WHO_EURO","ALL","2004","264.26"
"","WHO_EURO","ALL","2005","259.93"
"","WHO_EURO","ALL","2006","248.65"
"","WHO_EURO","ALL","2007","240.04"
"","WHO_EURO","ALL","2008","232.34"
"","WHO_EURO","ALL","2009","225.09"
"","WHO_EURO","ALL","2010","217.95"
"","WHO_EURO","ALL","2013","211.07"
"","WHO_EURO","ALL","2014","206"
"","WHO_EURO","ALL","2015","205.09"
"","WHO_EURO","ALL","2016","201.33"
"","WHO_EURO","ALL","2017","197.51"
"","WHO_EURO","ALL","2018","193.57"
"","WHO_EURO","ALL","2019","188.7"

"Last update","2023.10.04 17:05:50 GMT"
"Description","Selected smoking-related causes, per 100 000, by sex (age-standardized death rate)"
"Reference link","https://dw.euro.who.int/api/v3/measures/HFA_296?lang=En"

"Copyright"
"© WHO Regional Office for Europe 2024. All rights reserved.","https://www.who.int/about/policies/publishing/copyright"
